ID,Age ,Time spent on Online Class ,Rating of Online  experience,Device for online class,Time on self study,Time on fitness,Time on sleep,Time on social media,Prefered social media platform,Hours per day watching  TV,Number of meals per day,Change in  Weight,Health issue during lockdown,Time utilized,Improved Relationships,,
2,21,0,Excellent,Smartphone,0,2,10,3,Youtube,0,3,Decreased,No,Yes,No,,
12,21,1,Very Poor,Laptop  Desktop,0,1,7,3,Instagram,1,2,Increased,Yes,Yes,Yes,,
13,21,3,Average,Laptop  Desktop,0,0,8,3,Instagram,0,3,Increased,Yes,No,No,,
17,20,0,Good,Smartphone,0,0,8,2,Reddit,1,3,Increased,No,No,Yes,,
42,21,0,Very Poor,Laptop  Desktop,0,0,10,8,Youtube,1,4,Remain Constant,No,Yes,No,,
64,20,2,Very Poor,Laptop  Desktop,0,1,8,2,Instagram,0,3,Increased,No,No,Yes,,
67,19,0,No Rating,No Equipment,0,2,6,4,Instagram,1,3,Remain Constant,No,No,Yes,,
79,20,3,Excellent,Laptop  Desktop,0,1,8,5,Youtube,1,3,Increased,No,No,Yes,,
93,19,4,Very Poor,Laptop  Desktop,0,0,8,2,Instagram,2,3,Increased,Yes,No,No,,
98,22,2,Average,Smartphone,0,0,12,4,Instagram,2,3,Increased,No,No,Yes,,
166,23,3,Good,Tablet,0,0,12,4,Instagram,0,2,Increased,No,No,No,,
190,21,1,Average,Smartphone,0,1,6,2,Whatsapp,0,2,Decreased,No,No,Yes,,
205,21,0,Very Poor,Laptop  Desktop,0,2,12,6,Facebook,0,4,Increased,No,No,No,,
226,22,2,Average,Laptop  Desktop,0,0,9,6,Instagram,2,3,Increased,No,Yes,Yes,,
251,16,4,Poor,Laptop  Desktop,0,0,9,1,Whatsapp,1,2,Remain Constant,No,No,Yes,,
262,20,1,Very Poor,Smartphone,0,0,10,5,Youtube,1,2,Increased,Yes,No,Yes,,
271,20,0,Good,Smartphone,0,0,8,4,Youtube,2,3,Remain Constant,No,Yes,Yes,,
323,18,0,Very Poor,Smartphone,0,2,7,6,Instagram,0,4,Increased,No,Yes,Yes,,
324,19,3,Very Poor,Smartphone,0,0,12,5,Instagram,0,3,Decreased,No,No,No,,
335,19,1,Very Poor,Laptop  Desktop,0,0,12,10,Instagram,2,2,Remain Constant,No,No,No,,
342,43,2,Average,Smartphone,0,1,6,2,Facebook,1,3,Increased,No,No,Yes,,
365,21,6,Very Poor,Smartphone,0,1,7,4,Instagram,1,4,Increased,No,Yes,Yes,,
369,21,3,Average,Laptop  Desktop,0,1,8,3,Instagram,0,3,Increased,Yes,No,No,,
388,22,0,Average,No Equipment,0,0,9,2,Linkedin,2,3,Remain Constant,No,No,No,,
412,20,1,Good,Laptop  Desktop,0,1,7,2,Instagram,0,3,Decreased,No,Yes,No,,
427,20,3,Very Poor,Laptop  Desktop,0,1,9,4,Youtube,4,4,Decreased,No,No,Yes,,
431,32,1,Average,Smartphone,0,0,14,2,Facebook,2,3,Remain Constant,No,No,Yes,,
433,21,2,Very Poor,Laptop  Desktop,0,1,12,5,Instagram,5,4,Remain Constant,No,No,No,,
436,19,1,Very Poor,Laptop  Desktop,0,1,9,8,Youtube,0,3,Remain Constant,No,No,No,,
455,16,0,Good,Smartphone,0,2,6,1,Facebook,4,2,Remain Constant,No,No,Yes,,
468,21,1,Very Poor,No Equipment,0,0,8,2,Instagram,1,3,Remain Constant,No,Yes,Yes,,
474,19,4,Average,Laptop  Desktop,0,0,8,6,Instagram,1,3,Increased,No,No,Yes,,
477,21,2,Average,Laptop  Desktop,0,1,7,3,Instagram,0,2,Remain Constant,No,Yes,Yes,,
484,21,4,Very Poor,Tablet,0,3,11,10,Snapchat,0,1,Decreased,No,No,No,,
497,22,5,Very Poor,Smartphone,0,1,8,4,Facebook,0,3,Remain Constant,No,No,Yes,,
498,20,7,Very Poor,Laptop  Desktop,0,1,6,2,Facebook,1,4,Remain Constant,No,No,Yes,,
509,20,4,Average,Laptop  Desktop,0,0,12,2,Instagram,2,3,Increased,No,No,No,,
526,19,0,Very Poor,Smartphone,0,1,10,7,Youtube,1,3,Increased,Yes,No,Yes,,
530,19,2,Very Poor,Laptop  Desktop,0,1,12,2,Instagram,1,3,Decreased,Yes,No,No,,
548,19,2,Average,Smartphone,0,0,8,10,Instagram,1,2,Decreased,No,No,Yes,,
562,21,3,Average,Laptop  Desktop,0,2,8,2,Instagram,2,3,Increased,No,No,No,,
571,32,2,Good,Smartphone,0,0,11,1,Whatsapp,3,4,Remain Constant,No,No,No,,
573,18,2,Very Poor,Smartphone,0,3,8,1,Twitter,0,3,Increased,No,No,Yes,,
575,18,0,Very Poor,Smartphone,0,0,7,3,Instagram,2,4,Remain Constant,Yes,No,Yes,,
578,19,3,Excellent,Laptop  Desktop,0,0,9,6,Whatsapp,0,2,Remain Constant,Yes,Yes,Yes,,
615,21,2,Average,Laptop  Desktop,0,0,7,5,Youtube,0,3,Decreased,No,No,Yes,,
618,25,6,Good,Laptop  Desktop,0,1,7,3,Instagram,0,2,Increased,No,No,Yes,,
621,22,1,Very Poor,Smartphone,0,0,6,2,Instagram,2,3,Increased,Yes,No,No,,
655,19,0,Very Poor,Smartphone,0,0,12,4,Youtube,6,3,Decreased,No,No,No,,
682,20,0,Very Poor,Laptop  Desktop,0,0,10,10,Instagram,0,3,Increased,No,No,Yes,,
689,21,7,Very Poor,Laptop  Desktop,0,0,8,3,Instagram,0,3,Remain Constant,No,Yes,No,,
726,17,2,Average,Laptop  Desktop,0,0,11,2,Instagram,2,4,Remain Constant,No,No,Yes,,
750,22,0,No Rating,No Equipment,0,1,5,4,Instagram,0,2,Decreased,No,No,Yes,,
769,21,1,Very Poor,Laptop  Desktop,0,0,9,3,Whatsapp,0,3,Remain Constant,No,No,No,,
773,21,0,Very Poor,Smartphone,0,0,9,4,Youtube,0,4,Increased,No,No,No,,
786,20,1,Very Poor,Laptop  Desktop,0,0,8,4,Whatsapp,0,4,Increased,No,No,Yes,,
796,19,4,Very Poor,Smartphone,0,0,7,1,Youtube,0,2,Increased,No,No,No,,
807,40,0,Average,Laptop  Desktop,0,1,10,2,Whatsapp,1,3,Increased,No,No,Yes,,
815,22,0,Average,Smartphone,0,0,10,5,Facebook,4,2,Remain Constant,No,No,Yes,,
823,21,2,Very Poor,Smartphone,0,2,8,4,Instagram,2,2,Remain Constant,No,No,No,,
908,23,0,Good,Laptop  Desktop,0,0,8,3,Youtube,0,1,Remain Constant,No,No,No,,
933,19,3,Excellent,Smartphone,0,1,6,4,Facebook,1,3,Remain Constant,No,Yes,No,,
950,19,1,Average,Smartphone,0,0,8,6,Instagram,2,2,Decreased,Yes,No,No,,
962,18,0,Poor,Smartphone,0,2,12,1,Twitter,0,7,Increased,No,No,Yes,,
971,26,0,Very Poor,Smartphone,0,0,12,2,Linkedin,2,2,Remain Constant,Yes,No,No,,
986,18,5,Very Poor,Smartphone,0,0,7,1,Instagram,1,3,Decreased,No,Yes,No,,
990,18,8,Very Poor,Smartphone,0,1,6,5,Whatsapp,0,2,Decreased,No,No,Yes,,
991,18,4,Very Poor,Smartphone,0,1,8,2,Instagram,0,3,Remain Constant,No,Yes,Yes,,
1032,24,2,Good,Smartphone,0,1,9,5,Instagram,3,4,Increased,No,Yes,Yes,,
1038,20,0,Average,Smartphone,0,2,9,2,Youtube,1,3,Remain Constant,No,No,Yes,,
1073,30,2,Very Poor,Laptop  Desktop,0,1,8,1,Youtube,8,4,Increased,No,No,No,,
1099,16,8,Average,Laptop  Desktop,0,0,6,6,Instagram,0,3,Remain Constant,No,No,No,,
1103,17,4,Very Poor,Laptop  Desktop,0,1,7,1,Youtube,3,4,Increased,No,No,No,,
1131,14,4,Average,Smartphone,0,1,9,3,Youtube,1,3,Remain Constant,No,Yes,Yes,,
1193,13,4,Average,Smartphone,0,1,8,3,Youtube,2,4,Decreased,No,No,Yes,,
74,19,1,Average,Laptop  Desktop,1,1,7,5,Instagram,2,3,Remain Constant,No,No,Yes,,
182,21,3,Average,Smartphone,1,3,6,2,Instagram,0,3,Remain Constant,No,Yes,Yes,,
463,30,0,No Rating,No Equipment,1,0,7,1,Youtube,1,2,Remain Constant,No,Yes,Yes,,
590,21,2,Very Poor,Smartphone,1,1,8,1,Youtube,0,4,Increased,No,Yes,Yes,,
594,46,2,Very Poor,Smartphone,1,0,7,1,Whatsapp,1,3,Remain Constant,No,No,No,,
663,20,5,Average,Laptop  Desktop,1,0,8,1,Whatsapp,1,3,Remain Constant,No,No,Yes,,
681,22,0,Very Poor,Smartphone,1,1,10,1,Youtube,0,3,Increased,No,No,Yes,,
716,19,0,Good,Tablet,1,1,6,2,Instagram,1,4,Increased,No,No,Yes,,
1062,17,5,Very Poor,Laptop  Desktop,1,0,8,1,Youtube,0,3,Remain Constant,No,Yes,No,,
8,19,2,Very Poor,Tablet,1,1,10,5,Instagram,0,3,Increased,Yes,No,Yes,,
10,20,0,Very Poor,Laptop  Desktop,1,1,8,5,Instagram,3,3,Decreased,Yes,No,No,,
15,20,5,Very Poor,Laptop  Desktop,1,0,8,3,Instagram,0,3,Remain Constant,No,No,No,,
23,21,4,Very Poor,Smartphone,1,0,8,6,Instagram,1,4,Decreased,No,No,Yes,,
34,22,5,Very Poor,Laptop  Desktop,1,0,6,2,Linkedin,1,3,Decreased,Yes,Yes,Yes,,
37,17,4,Very Poor,Laptop  Desktop,1,1,7,2,Instagram,0,3,Decreased,No,No,Yes,,
51,19,0,Very Poor,Smartphone,1,0,8,2,Youtube,2,3,Remain Constant,Yes,No,Yes,,
59,20,5,Average,Laptop  Desktop,1,1,7,1,Whatsapp,0,3,Increased,Yes,No,Yes,,
65,23,2,Very Poor,Smartphone,1,1,7,5,Instagram,1,4,Decreased,No,Yes,Yes,,
68,18,3,Average,Smartphone,1,1,8,3,Whatsapp,1,4,Remain Constant,No,Yes,Yes,,
77,19,0,Very Poor,Smartphone,1,1,8,2,Instagram,0,3,Decreased,No,Yes,Yes,,
84,20,0,Very Poor,Laptop  Desktop,1,1,12,2,Instagram,2,2,Increased,No,No,Yes,,
97,19,3,Average,Smartphone,1,0,10,4,Whatsapp,0,3,Remain Constant,No,No,Yes,,
130,19,0,No Rating,No Equipment,1,3,8,5,Instagram,1,1,Decreased,No,No,Yes,,
135,18,5,Average,Smartphone,1,1,8,1,Youtube,0,4,Increased,No,Yes,Yes,,
143,20,1,Very Poor,Smartphone,1,0,6,0,No Social Media,0,2,Increased,No,Yes,Yes,,
147,20,6,Average,Laptop  Desktop,1,1,6,1,Linkedin,0,3,Increased,Yes,Yes,Yes,,
150,19,1,Average,Laptop  Desktop,1,1,10,1,Instagram,0,3,Remain Constant,No,Yes,Yes,,
157,20,3,Very Poor,Laptop  Desktop,1,0,6,2,Facebook,0,2,Increased,No,No,Yes,,
158,21,5,Average,Smartphone,1,0,5,1,Whatsapp,0,2,Decreased,No,No,No,,
163,23,0,Very Poor,Laptop  Desktop,1,0,10,4,Linkedin,0,4,Increased,No,No,Yes,,
168,21,0,Very Poor,Smartphone,1,0,7,10,Whatsapp,0,7,Increased,No,No,Yes,,
172,20,0,Very Poor,Smartphone,1,0,8,1,Whatsapp,1,3,Decreased,Yes,No,Yes,,
180,21,1,Average,Laptop  Desktop,1,2,7,2,Youtube,1,4,Increased,No,No,Yes,,
186,14,4,Very Poor,Smartphone,1,0,9,2,Whatsapp,5,3,Remain Constant,No,No,Yes,,
196,34,2,Poor,Laptop  Desktop,1,0,6,1,Linkedin,0,2,Remain Constant,Yes,No,No,,
208,17,6,Average,Laptop  Desktop,1,0,7,2,Reddit,0,2,Remain Constant,No,Yes,No,,
229,23,1,Very Poor,Laptop  Desktop,1,0,8,5,Whatsapp,0,4,Increased,No,No,Yes,,
239,30,3,Average,Smartphone,1,1,4,1,Whatsapp,1,2,Remain Constant,No,Yes,Yes,,
240,19,1,Average,Laptop  Desktop,1,0,8,1,Youtube,2,4,Remain Constant,No,No,No,,
261,15,5,Average,Smartphone,1,0,7,1,Youtube,2,3,Remain Constant,No,No,Yes,,
263,19,0,Very Poor,Laptop  Desktop,1,0,8,4,Twitter,2,3,Increased,No,No,No,,
278,19,1,Excellent,Laptop  Desktop,1,3,9,2,Youtube,0,5,Remain Constant,No,No,Yes,,
279,20,2,Good,Laptop  Desktop,1,0,10,1,Whatsapp,0,2,Remain Constant,No,No,Yes,,
290,20,5,Excellent,Laptop  Desktop,1,1,8,3,Instagram,0,3,Remain Constant,No,Yes,No,,
295,19,2,Very Poor,Laptop  Desktop,1,1,7,5,Instagram,1,4,Remain Constant,No,No,Yes,,
297,20,0,Average,Laptop  Desktop,1,0,9,5,Whatsapp,2,4,Remain Constant,Yes,Yes,Yes,,
304,21,0,Very Poor,No Equipment,1,0,10,3,Instagram,2,3,Remain Constant,No,No,No,,
308,22,4,Average,Laptop  Desktop,1,1,8,4,Youtube,1,3,Increased,No,Yes,No,,
309,18,0,No Rating,No Equipment,1,1,12,4,Instagram,0,3,Remain Constant,No,Yes,Yes,,
327,26,0,Very Poor,Smartphone,1,1,7,1,Whatsapp,2,2,Decreased,No,No,Yes,,
340,18,4,Average,Smartphone,1,1,12,1,Instagram,1,2,Increased,No,No,Yes,,
350,19,2,Very Poor,No Equipment,1,1,11,3,Whatsapp,0,2,Increased,No,No,No,,
361,14,3,Good,Smartphone,1,1,6,2,Youtube,1,2,Decreased,No,Yes,Yes,,
363,13,2,Excellent,Smartphone,1,3,11,3,Youtube,2,4,Increased,No,No,Yes,,
367,23,5,Excellent,Smartphone,1,1,9,2,Whatsapp,0,4,Decreased,No,Yes,Yes,,
375,14,2,Excellent,Smartphone,1,1,8,1,Whatsapp,2,1,Increased,Yes,Yes,Yes,,
384,40,2,Good,No Equipment,1,1,8,1,Whatsapp,1,2,Remain Constant,No,Yes,Yes,,
386,12,1,Average,No Equipment,1,0,12,1,Youtube,1,1,Remain Constant,No,No,Yes,,
391,23,3,Good,Smartphone,1,0,6,2,Whatsapp,3,3,Remain Constant,No,No,Yes,,
394,18,1,Average,Laptop  Desktop,1,0,8,4,Instagram,0,3,Decreased,No,Yes,Yes,,
405,17,2,Good,Smartphone,1,1,8,3,Facebook,2,3,Decreased,No,Yes,Yes,,
406,20,1,Very Poor,Laptop  Desktop,1,0,12,2,Twitter,1,3,Increased,No,No,Yes,,
407,17,7,Excellent,Smartphone,1,1,4,1,Youtube,0,1,Decreased,No,Yes,Yes,,
408,13,2,Excellent,Smartphone,1,1,6,2,Whatsapp,0,1,Decreased,Yes,Yes,Yes,,
414,17,4,Average,Smartphone,1,1,8,5,Youtube,0,2,Increased,No,No,Yes,,
417,9,1,Average,Laptop  Desktop,1,0,8,0,Youtube,1,3,Increased,No,No,No,,
418,14,5,Average,Smartphone,1,1,7,1,Whatsapp,5,2,Decreased,No,No,Yes,,
421,20,2,Average,Laptop  Desktop,1,1,7,1,Whatsapp,1,2,Remain Constant,No,Yes,Yes,,
422,12,2,Average,Laptop  Desktop,1,1,7,2,Instagram,2,2,Increased,No,Yes,Yes,,
429,21,0,Very Poor,Laptop  Desktop,1,0,6,6,Instagram,1,3,Remain Constant,Yes,No,No,,
437,19,3,Very Poor,Laptop  Desktop,1,0,5,1,Youtube,2,3,Increased,No,No,Yes,,
444,13,2,Good,Smartphone,1,0,11,2,Youtube,3,2,Increased,Yes,No,No,,
470,21,2,Very Poor,No Equipment,1,0,13,6,Twitter,7,2,Decreased,Yes,No,No,,
483,18,4,Average,Smartphone,1,0,9,4,Whatsapp,1,3,Decreased,Yes,No,Yes,,
488,19,0,Average,Laptop  Desktop,1,1,8,1,Instagram,0,3,Increased,No,No,Yes,,
501,22,1,Very Poor,Laptop  Desktop,1,1,8,3,Instagram,0,4,Increased,No,No,No,,
502,21,4,Average,Laptop  Desktop,1,0,10,2,Whatsapp,0,3,Increased,No,No,Yes,,
511,20,0,Average,Laptop  Desktop,1,1,8,4,Whatsapp,0,3,Increased,No,No,Yes,,
517,11,1,Good,Laptop  Desktop,1,1,15,3,Youtube,1,4,Increased,No,Yes,Yes,,
524,19,0,Very Poor,Laptop  Desktop,1,0,9,6,Twitter,0,4,Increased,No,No,No,,
528,34,2,Average,Laptop  Desktop,1,0,7,6,Whatsapp,6,3,Remain Constant,No,Yes,Yes,,
531,24,0,No Rating,No Equipment,1,0,10,6,Instagram,3,4,Increased,No,No,No,,
533,26,2,Very Poor,Laptop  Desktop,1,1,8,4,Facebook,0,3,Decreased,No,No,Yes,,
534,20,0,Very Poor,Laptop  Desktop,1,1,7,1,Instagram,1,3,Increased,No,Yes,Yes,,
554,16,2,Very Poor,Smartphone,1,0,9,1,Whatsapp,0,3,Decreased,No,No,Yes,,
559,26,1,Very Poor,Smartphone,1,0,6,1,Whatsapp,1,3,Decreased,Yes,No,No,,
561,13,1,Good,Smartphone,1,1,8,1,Youtube,2,3,Remain Constant,No,No,Yes,,
563,21,3,Very Poor,Smartphone,1,1,8,2,Instagram,0,3,Increased,No,Yes,Yes,,
564,17,2,Average,Smartphone,1,1,8,7,Instagram,0,4,Increased,No,No,Yes,,
574,23,0,No Rating,No Equipment,1,0,9,3,Instagram,2,2,Remain Constant,No,No,Yes,,
576,19,2,Very Poor,Laptop  Desktop,1,2,8,3,Instagram,2,4,Increased,No,Yes,No,,
581,22,4,Very Poor,Laptop  Desktop,1,0,9,1,Youtube,1,4,Remain Constant,No,Yes,Yes,,
583,8,2,Excellent,Laptop  Desktop,1,1,5,1,Youtube,1,2,Remain Constant,No,Yes,Yes,,
585,21,3,Excellent,Laptop  Desktop,1,0,11,3,Twitter,2,1,Remain Constant,No,Yes,No,,
593,24,2,Average,Smartphone,1,1,7,4,Instagram,0,3,Remain Constant,No,Yes,Yes,,
612,14,4,Good,Smartphone,1,1,8,1,Facebook,1,2,Increased,No,Yes,No,,
628,22,0,Very Poor,Smartphone,1,0,8,5,Whatsapp,2,3,Remain Constant,No,No,No,,
630,17,1,Good,Smartphone,1,1,8,2,Instagram,1,3,Increased,No,No,Yes,,
633,21,2,Average,Smartphone,1,1,9,2,Youtube,2,3,Remain Constant,No,No,Yes,,
637,16,1,Good,Smartphone,1,1,7,2,Youtube,2,2,Remain Constant,No,Yes,Yes,,
638,40,3,Average,Smartphone,1,1,7,4,Instagram,1,3,Remain Constant,No,Yes,Yes,,
641,24,0,No Rating,No Equipment,1,0,8,2,Linkedin,1,3,Increased,No,No,No,,
643,16,1,Very Poor,No Equipment,1,0,8,1,Youtube,1,3,Remain Constant,No,No,Yes,,
644,34,2,Good,No Equipment,1,1,9,2,Whatsapp,1,3,Increased,No,Yes,Yes,,
647,18,1,Good,Smartphone,1,1,12,1,Facebook,1,3,Increased,No,Yes,Yes,,
653,19,5,Very Poor,Smartphone,1,1,5,2,Youtube,4,3,Increased,No,No,Yes,,
667,21,1,Average,Smartphone,1,2,8,2,Instagram,1,3,Decreased,No,No,Yes,,
668,30,2,Very Poor,Laptop  Desktop,1,1,5,1,Youtube,0,3,Remain Constant,No,Yes,Yes,,
672,21,5,Very Poor,Smartphone,1,1,9,2,Instagram,0,3,Remain Constant,No,No,No,,
684,18,2,Average,Smartphone,1,1,10,4,Youtube,1,4,Increased,No,No,No,,
694,22,0,Very Poor,Laptop  Desktop,1,0,14,2,Whatsapp,2,3,Increased,No,No,No,,
695,20,4,Very Poor,Laptop  Desktop,1,2,12,2,Whatsapp,2,3,Remain Constant,No,Yes,Yes,,
703,19,2,Very Poor,Laptop  Desktop,1,2,5,4,Instagram,1,2,Decreased,No,Yes,Yes,,
704,18,3,Average,Smartphone,1,1,9,4,Instagram,1,4,Remain Constant,No,Yes,Yes,,
708,19,0,Average,Smartphone,1,0,8,4,Youtube,3,3,Increased,No,No,Yes,,
709,18,0,No Rating,No Equipment,1,1,10,9,Instagram,2,3,Remain Constant,No,Yes,Yes,,
718,17,4,Very Poor,Smartphone,1,0,6,2,Instagram,0,3,Increased,No,No,No,,
730,23,0,Average,Laptop  Desktop,1,1,9,3,Linkedin,0,3,Increased,No,Yes,Yes,,
740,20,4,Very Poor,Smartphone,1,1,10,2,Instagram,1,3,Increased,Yes,No,Yes,,
741,20,2,Average,Smartphone,1,2,8,4,Facebook,2,4,Decreased,No,No,Yes,,
743,28,3,Good,Laptop  Desktop,1,0,10,1,Whatsapp,0,2,Increased,No,No,Yes,,
764,21,1,Good,Laptop  Desktop,1,2,7,2,Youtube,0,3,Remain Constant,No,Yes,Yes,,
775,20,4,Good,Laptop  Desktop,1,0,9,2,Instagram,0,3,Increased,No,No,Yes,,
777,19,3,Average,Smartphone,1,1,6,2,Instagram,0,3,Decreased,No,Yes,Yes,,
782,20,1,Very Poor,Smartphone,1,1,8,1,Whatsapp,3,3,Remain Constant,No,No,Yes,,
785,21,5,Average,Laptop  Desktop,1,1,8,2,Instagram,2,4,Remain Constant,No,Yes,Yes,,
790,18,4,Very Poor,Smartphone,1,2,9,2,Whatsapp,1,2,Decreased,No,No,Yes,,
799,30,1,Good,Smartphone,1,1,7,1,Whatsapp,0,4,Remain Constant,No,No,Yes,,
806,24,0,Average,Smartphone,1,1,8,1,Linkedin,0,3,Remain Constant,No,Yes,No,,
808,20,2,Very Poor,Smartphone,1,1,8,2,Youtube,5,3,Remain Constant,No,No,Yes,,
814,20,0,Very Poor,Smartphone,1,0,10,4,Youtube,1,3,Increased,No,No,Yes,,
820,34,2,Average,Smartphone,1,1,7,4,Whatsapp,2,3,Increased,No,Yes,Yes,,
821,40,1,Average,Smartphone,1,1,8,3,Facebook,2,2,Decreased,No,No,Yes,,
824,18,2,Poor,Smartphone,1,1,9,2,Whatsapp,3,3,Remain Constant,No,No,No,,
850,20,5,Very Poor,Laptop  Desktop,1,0,8,1,Youtube,1,2,Remain Constant,No,No,Yes,,
857,20,4,Average,Smartphone,1,0,6,10,Talklife,2,1,Remain Constant,No,No,No,,
860,21,3,Very Poor,Laptop  Desktop,1,0,8,1,Instagram,0,3,Increased,No,No,Yes,,
862,21,4,Very Poor,Smartphone,1,1,7,2,Instagram,0,4,Increased,No,Yes,Yes,,
865,33,2,Very Poor,Laptop  Desktop,1,1,7,1,Youtube,0,3,Remain Constant,Yes,No,Yes,,
869,37,2,Good,Laptop  Desktop,1,1,7,1,Whatsapp,1,2,Remain Constant,No,Yes,Yes,,
889,16,5,Very Poor,Smartphone,1,0,10,3,Whatsapp,0,2,Decreased,No,No,No,,
901,23,4,Very Poor,Laptop  Desktop,1,0,7,8,Facebook,2,3,Decreased,No,No,Yes,,
904,33,3,Average,Smartphone,1,0,6,1,Whatsapp,4,2,Decreased,Yes,No,Yes,,
907,24,0,Very Poor,Smartphone,1,0,5,4,Linkedin,6,3,Decreased,Yes,No,Yes,,
909,20,5,Good,Laptop  Desktop,1,1,8,1,Instagram,1,4,Decreased,No,Yes,Yes,,
911,20,4,Average,Laptop  Desktop,1,1,10,5,Instagram,0,3,Decreased,No,Yes,Yes,,
914,19,7,Average,Laptop  Desktop,1,1,5,6,Instagram,1,3,Remain Constant,No,No,Yes,,
916,39,2,Excellent,Tablet,1,1,7,1,Whatsapp,1,3,Remain Constant,No,No,Yes,,
922,14,5,Average,Tablet,1,1,9,1,Youtube,4,3,Increased,No,Yes,Yes,,
927,13,5,Very Poor,Smartphone,1,1,7,4,Youtube,2,4,Decreased,No,No,Yes,,
935,22,1,Average,Smartphone,1,0,9,3,Instagram,0,3,Increased,No,Yes,Yes,,
944,22,2,Very Poor,Laptop  Desktop,1,0,8,4,Whatsapp,0,2,Remain Constant,No,No,Yes,,
951,23,10,Average,Laptop  Desktop,1,0,8,8,Youtube,1,3,Decreased,No,Yes,Yes,,
954,14,3,Good,Smartphone,1,0,8,3,Youtube,1,4,Remain Constant,No,No,Yes,,
956,21,0,No Rating,No Equipment,1,1,11,8,Instagram,3,3,Increased,No,No,Yes,,
957,33,2,Average,Smartphone,1,0,6,1,Whatsapp,1,2,Remain Constant,No,No,Yes,,
967,11,2,Excellent,Smartphone,1,0,10,3,Youtube,2,3,Increased,No,Yes,Yes,,
970,21,8,Very Poor,Laptop  Desktop,1,1,9,2,Instagram,0,3,Remain Constant,Yes,No,No,,
972,23,2,Very Poor,Laptop  Desktop,1,1,8,1,Whatsapp,2,3,Remain Constant,No,Yes,Yes,,
993,26,1,Average,Smartphone,1,0,8,3,Facebook,0,3,Increased,No,No,Yes,,
997,21,2,Average,Laptop  Desktop,1,0,12,3,Instagram,0,2,Increased,No,No,Yes,,
1021,21,0,Poor,Smartphone,1,2,7,2,Instagram,1,4,Decreased,No,Yes,Yes,,
1028,22,5,Very Poor,Laptop  Desktop,1,1,8,1,Twitter,1,3,Decreased,Yes,Yes,Yes,,
1035,22,2,Very Poor,Smartphone,1,0,9,3,Youtube,2,2,Decreased,Yes,No,Yes,,
1042,18,4,Very Poor,Laptop  Desktop,1,1,10,3,Whatsapp,1,4,Increased,No,No,No,,
1045,20,2,Very Poor,Laptop  Desktop,1,0,6,1,Twitter,2,3,Decreased,No,No,No,,
1050,21,0,Poor,Smartphone,1,0,7,0,Whatsapp,0,2,Increased,No,Yes,Yes,,
1056,31,8,Very Poor,Laptop  Desktop,1,0,8,2,Whatsapp,1,2,Remain Constant,No,No,Yes,,
1058,23,2,Good,Smartphone,1,1,5,2,No Social Media,1,2,Decreased,No,Yes,Yes,,
1070,16,5,Very Poor,Smartphone,1,2,10,2,Instagram,0,3,Remain Constant,No,No,No,,
1082,16,8,Average,Laptop  Desktop,1,0,8,0,Telegram,0,2,Increased,Yes,No,No,,
1092,16,6,Average,Laptop  Desktop,1,1,9,1,Whatsapp,1,2,Decreased,No,No,Yes,,
1093,17,6,Average,Smartphone,1,0,8,1,Reddit,0,2,Remain Constant,No,No,No,,
1095,16,4,Average,Laptop  Desktop,1,1,9,2,Youtube,0,4,Remain Constant,No,Yes,No,,
1100,16,8,Average,Laptop  Desktop,1,0,8,1,Youtube,2,2,Remain Constant,No,Yes,Yes,,
1104,25,5,Average,Laptop  Desktop,1,3,6,5,Instagram,0,3,Decreased,No,Yes,Yes,,
1111,16,5,Excellent,Smartphone,1,1,11,0,Whatsapp,2,3,Remain Constant,No,No,Yes,,
1114,15,6,Average,Smartphone,1,1,9,1,Instagram,2,3,Decreased,No,Yes,Yes,,
1117,12,5,Good,Tablet,1,0,7,4,Youtube,0,2,Increased,No,Yes,Yes,,
1123,12,4,Good,Tablet,1,1,9,1,Youtube,3,3,Increased,No,No,Yes,,
1125,16,4,Good,Laptop  Desktop,1,1,7,1,Instagram,3,2,Remain Constant,No,Yes,Yes,,
1139,13,3,Very Poor,Smartphone,1,2,7,3,Youtube,2,3,Remain Constant,No,No,Yes,,
1149,12,4,Average,Smartphone,1,1,8,2,Youtube,1,2,Remain Constant,No,Yes,Yes,,
1152,14,3,Average,Smartphone,1,1,10,1,Whatsapp,2,2,Decreased,No,Yes,Yes,,
1153,13,4,Average,Smartphone,1,0,10,1,No Social Media,1,2,Remain Constant,No,No,Yes,,
1159,13,4,Good,Smartphone,1,1,7,1,Instagram,2,4,Increased,No,Yes,Yes,,
1167,14,6,Excellent,Laptop  Desktop,1,2,7,1,Whatsapp,1,4,Increased,No,Yes,Yes,,
1190,13,3,Very Poor,Smartphone,1,1,8,3,Youtube,1,3,Remain Constant,No,No,No,,
377,12,1,Excellent,Smartphone,1,1,10,0,Whatsapp,2,3,Increased,No,Yes,Yes,,
185,20,3,Very Poor,Laptop  Desktop,2,1,6,2,Reddit,2,2,Decreased,Yes,No,No,,
214,17,6,Very Poor,Smartphone,2,2,7,2,Instagram,1,4,Increased,No,Yes,No,,
235,17,5,Average,Laptop  Desktop,2,2,8,1,Youtube,3,3,Decreased,No,Yes,Yes,,
713,22,2,Good,Any Gadget,2,1,7,1,Youtube,2,3,Increased,No,No,No,,
1150,15,8,Good,Laptop  Desktop,2,1,8,1,Whatsapp,0,3,Remain Constant,No,No,Yes,,
1178,12,4,Very Poor,Smartphone,2,0,9,5,Youtube,1,4,Increased,No,No,Yes,,
4,20,3,Very Poor,Smartphone,2,1,6,5,Instagram,0,3,Decreased,No,No,No,,
7,19,2,Very Poor,Smartphone,2,1,5,4,Instagram,0,3,Increased,No,No,Yes,,
14,22,1,Good,Laptop  Desktop,2,0,7,0,No Social Media,1,2,Increased,No,Yes,Yes,,
18,20,1,Very Poor,Smartphone,2,1,8,1,Youtube,0,3,Remain Constant,No,No,No,,
20,22,5,Very Poor,Smartphone,2,1,8,4,Instagram,0,3,Increased,No,Yes,Yes,,
22,21,5,Average,Laptop  Desktop,2,1,10,5,Instagram,2,3,Remain Constant,No,Yes,No,,
24,21,4,Average,Laptop  Desktop,2,1,7,1,Linkedin,0,3,Decreased,No,Yes,Yes,,
26,20,5,Very Poor,Smartphone,2,0,9,5,Linkedin,3,2,Increased,No,Yes,Yes,,
36,21,6,Average,Smartphone,2,1,8,3,Instagram,1,3,Remain Constant,No,No,Yes,,
38,20,4,Average,Laptop  Desktop,2,0,8,2,Instagram,0,3,Increased,No,No,Yes,,
39,22,1,Very Poor,Smartphone,2,1,8,2,Linkedin,2,3,Increased,No,No,Yes,,
43,20,7,Very Poor,Smartphone,2,1,8,2,Whatsapp,2,4,Remain Constant,Yes,No,No,,
45,18,2,Average,Smartphone,2,3,12,1,Linkedin,0,4,Remain Constant,No,No,No,,
46,22,3,Very Poor,Laptop  Desktop,2,0,8,1,Instagram,0,4,Increased,No,No,Yes,,
50,18,4,Good,Laptop  Desktop,2,0,8,4,Instagram,0,3,Remain Constant,No,Yes,Yes,,
54,19,0,Average,Smartphone,2,2,10,1,Instagram,1,4,Remain Constant,No,Yes,Yes,,
56,19,4,Very Poor,Smartphone,2,0,7,1,Whatsapp,0,3,Increased,Yes,Yes,Yes,,
57,19,2,Very Poor,Smartphone,2,2,8,1,Youtube,0,4,Increased,No,No,Yes,,
63,18,0,Very Poor,Laptop  Desktop,2,1,6,5,Instagram,0,1,Remain Constant,No,No,Yes,,
70,19,2,Very Poor,Tablet,2,1,8,5,Instagram,0,4,Decreased,No,No,Yes,,
73,20,2,Very Poor,Smartphone,2,0,7,3,Whatsapp,2,2,Remain Constant,No,No,No,,
75,18,3,Very Poor,Smartphone,2,2,8,8,Instagram,0,4,Remain Constant,No,No,Yes,,
82,21,3,Good,Smartphone,2,1,10,1,Youtube,0,3,Remain Constant,No,No,No,,
83,19,2,Very Poor,Smartphone,2,1,9,3,Instagram,1,2,Increased,No,Yes,Yes,,
86,19,2,Very Poor,Tablet,2,1,8,5,Instagram,0,4,Decreased,No,No,Yes,,
94,20,4,Good,Smartphone,2,2,8,6,Instagram,0,3,Decreased,No,Yes,Yes,,
100,21,1,Very Poor,Smartphone,2,1,8,1,Whatsapp,0,3,Increased,No,No,No,,
101,16,6,Poor,Smartphone,2,2,7,2,Youtube,1,3,Remain Constant,No,Yes,Yes,,
108,20,1,Very Poor,Smartphone,2,1,8,1,Instagram,0,3,Increased,No,No,No,,
111,20,0,Very Poor,Smartphone,2,2,8,0,Linkedin,0,2,Decreased,No,Yes,Yes,,
119,21,4,Good,Laptop  Desktop,2,2,7,2,Instagram,1,3,Increased,No,Yes,Yes,,
121,18,3,Average,Smartphone,2,1,8,1,Youtube,0,4,Remain Constant,No,No,Yes,,
125,19,1,Very Poor,Smartphone,2,0,7,1,Whatsapp,0,2,Increased,Yes,No,No,,
133,18,2,Very Poor,Smartphone,2,1,9,2,Linkedin,2,2,Increased,No,Yes,Yes,,
138,15,4,Average,Smartphone,2,1,6,1,Whatsapp,1,3,Remain Constant,No,No,Yes,,
140,19,3,Very Poor,Laptop  Desktop,2,1,9,1,Youtube,0,3,Decreased,No,No,Yes,,
145,19,2,Very Poor,Smartphone,2,2,8,2,Youtube,3,2,Increased,No,Yes,Yes,,
146,14,4,Average,Smartphone,2,1,8,2,Whatsapp,1,3,Remain Constant,No,Yes,No,,
148,20,3,Average,Laptop  Desktop,2,1,8,2,Linkedin,2,3,Remain Constant,No,No,No,,
151,18,2,Very Poor,Smartphone,2,1,10,2,Whatsapp,0,3,Remain Constant,No,No,No,,
160,21,3,Very Poor,Smartphone,2,0,7,2,Twitter,0,3,Increased,Yes,No,Yes,,
161,20,4,Average,Laptop  Desktop,2,0,7,2,Snapchat,4,3,Increased,No,No,No,,
170,15,4,Average,Smartphone,2,3,7,1,Instagram,2,4,Increased,No,No,Yes,,
179,22,6,Good,Laptop  Desktop,2,1,8,4,Instagram,0,4,Remain Constant,No,No,Yes,,
181,20,1,Very Poor,Smartphone,2,1,8,3,Whatsapp,0,3,Remain Constant,No,Yes,No,,
183,19,2,Very Poor,Smartphone,2,1,8,2,Instagram,2,3,Increased,Yes,Yes,Yes,,
217,17,6,Average,Tablet,2,1,7,1,Whatsapp,1,4,Remain Constant,No,No,Yes,,
218,20,4,Very Poor,Smartphone,2,0,7,1,Whatsapp,1,3,Increased,No,No,No,,
221,20,0,Very Poor,Laptop  Desktop,2,0,10,3,Instagram,2,4,Increased,No,No,Yes,,
227,19,2,Very Poor,Smartphone,2,1,8,2,Whatsapp,1,3,Decreased,Yes,No,Yes,,
237,18,2,Very Poor,Smartphone,2,2,9,4,Youtube,0,3,Increased,No,No,Yes,,
241,14,3,Good,Laptop  Desktop,2,0,8,1,Whatsapp,1,1,Increased,No,Yes,Yes,,
242,19,0,No Rating,No Equipment,2,1,8,4,Instagram,0,3,Remain Constant,No,Yes,Yes,,
244,17,6,Average,Smartphone,2,1,9,3,Instagram,1,3,Remain Constant,No,No,Yes,,
245,20,1,Very Poor,Tablet,2,2,8,1,Youtube,0,2,Decreased,No,No,Yes,,
246,17,4,Good,Smartphone,2,0,7,3,Instagram,2,4,Increased,No,Yes,Yes,,
247,20,6,Average,Any Gadget,2,0,6,4,Instagram,0,3,Increased,No,No,No,,
250,21,3,Very Poor,Laptop  Desktop,2,0,7,2,Facebook,2,3,Remain Constant,No,Yes,No,,
252,21,5,Average,Smartphone,2,2,6,5,Instagram,0,3,Increased,No,No,Yes,,
256,19,3,Good,Laptop  Desktop,2,0,8,5,Youtube,2,3,Increased,No,No,Yes,,
265,20,4,Very Poor,Laptop  Desktop,2,1,8,4,Youtube,0,4,Increased,No,No,Yes,,
268,21,2,Poor,Laptop  Desktop,2,1,5,3,Whatsapp,1,3,Remain Constant,No,Yes,Yes,,
281,17,7,Average,Laptop  Desktop,2,0,6,2,Youtube,2,2,Increased,No,Yes,Yes,,
282,21,0,Very Poor,Laptop  Desktop,2,0,8,3,Whatsapp,5,3,Decreased,No,No,No,,
289,18,1,Average,Smartphone,2,0,10,1,Instagram,1,2,Remain Constant,No,No,No,,
294,16,7,Excellent,Tablet,2,1,6,2,Whatsapp,0,3,Decreased,No,Yes,No,,
301,17,8,Very Poor,Smartphone,2,1,9,0,Whatsapp,0,3,Remain Constant,No,No,No,,
303,20,3,Average,Smartphone,2,1,8,3,Whatsapp,0,3,Remain Constant,No,No,Yes,,
318,16,4,Good,Smartphone,2,1,9,1,Instagram,1,3,Increased,No,No,Yes,,
320,29,8,Good,Laptop  Desktop,2,1,8,1,Instagram,2,4,Remain Constant,No,No,No,,
322,21,5,Very Poor,Smartphone,2,1,12,2,Instagram,1,4,Increased,No,Yes,No,,
325,21,2,Average,Laptop  Desktop,2,1,10,2,Youtube,0,3,Remain Constant,No,Yes,No,,
329,16,4,Very Poor,Smartphone,2,1,9,2,Youtube,1,2,Decreased,No,No,No,,
330,21,0,Average,Laptop  Desktop,2,0,10,5,Twitter,1,3,Increased,No,Yes,No,,
331,21,5,Average,Laptop  Desktop,2,0,8,1,Whatsapp,1,2,Increased,No,No,Yes,,
333,21,0,Very Poor,Laptop  Desktop,2,1,7,1,Instagram,0,4,Remain Constant,Yes,Yes,No,,
334,21,2,Average,Smartphone,2,1,7,1,Whatsapp,4,3,Remain Constant,No,Yes,No,,
336,21,2,Average,Laptop  Desktop,2,0,8,2,Instagram,1,3,Remain Constant,Yes,No,Yes,,
338,22,1,Average,Laptop  Desktop,2,0,11,3,Whatsapp,3,2,Increased,Yes,No,No,,
349,14,5,Good,No Equipment,2,1,9,1,Whatsapp,1,4,Increased,No,No,Yes,,
351,18,2,Average,No Equipment,2,1,8,1,Whatsapp,1,2,Remain Constant,No,Yes,Yes,,
352,11,4,Average,No Equipment,2,2,10,1,Whatsapp,3,4,Remain Constant,No,No,Yes,,
353,24,1,Average,No Equipment,2,0,8,1,Instagram,0,3,Remain Constant,No,Yes,Yes,,
358,12,1,Excellent,Smartphone,2,1,9,2,Youtube,1,3,Increased,No,Yes,Yes,,
359,16,1,Average,Smartphone,2,1,7,2,Whatsapp,3,3,Remain Constant,No,No,Yes,,
364,23,0,Average,Laptop  Desktop,2,0,7,3,Linkedin,0,3,Remain Constant,No,Yes,No,,
366,31,4,Excellent,Laptop  Desktop,2,1,8,1,Facebook,1,3,Increased,No,Yes,No,,
372,13,1,Excellent,Smartphone,2,0,8,0,No Social Media,4,3,Increased,No,Yes,No,,
374,13,1,Average,Smartphone,2,2,10,2,Youtube,0,3,Increased,No,Yes,No,,
376,40,1,Average,Laptop  Desktop,2,1,6,4,Whatsapp,0,2,Remain Constant,No,No,Yes,,
378,20,3,Very Poor,Laptop  Desktop,2,1,8,4,Linkedin,0,3,Remain Constant,Yes,No,Yes,,
379,12,1,Good,Smartphone,2,1,8,2,Whatsapp,2,4,Remain Constant,No,No,Yes,,
385,14,3,Excellent,No Equipment,2,0,12,2,Facebook,3,1,Decreased,No,No,No,,
387,14,4,Average,No Equipment,2,1,8,2,Whatsapp,1,3,Remain Constant,No,Yes,No,,
392,12,2,Excellent,Smartphone,2,1,10,1,Youtube,1,4,Remain Constant,No,Yes,Yes,,
395,20,1,Average,Laptop  Desktop,2,2,9,4,Instagram,5,2,Remain Constant,No,Yes,No,,
399,19,1,Poor,Laptop  Desktop,2,1,6,4,Youtube,0,2,Remain Constant,No,No,Yes,,
400,20,4,Good,Laptop  Desktop,2,0,11,1,Whatsapp,0,3,Increased,No,No,Yes,,
402,13,3,Excellent,Smartphone,2,0,8,1,Youtube,0,3,Remain Constant,No,Yes,Yes,,
404,14,3,Excellent,Smartphone,2,0,10,1,Youtube,1,2,Remain Constant,No,No,Yes,,
409,13,1,Good,Smartphone,2,1,8,3,Youtube,1,3,Remain Constant,No,Yes,Yes,,
411,27,0,Good,Laptop  Desktop,2,0,10,6,Whatsapp,6,3,Decreased,No,No,Yes,,
415,27,3,Excellent,Laptop  Desktop,2,2,7,1,Instagram,0,3,Decreased,Yes,Yes,Yes,,
420,8,2,Excellent,Laptop  Desktop,2,1,8,1,Whatsapp,2,3,Remain Constant,No,Yes,Yes,,
425,20,2,Average,Laptop  Desktop,2,2,8,3,Instagram,0,3,Remain Constant,No,Yes,Yes,,
434,21,2,Average,Laptop  Desktop,2,1,8,2,Whatsapp,2,3,Remain Constant,Yes,Yes,Yes,,
438,18,3,Very Poor,Smartphone,2,0,8,2,Instagram,1,3,Remain Constant,No,No,Yes,,
440,18,1,Excellent,Smartphone,2,1,8,1,Facebook,0,2,Remain Constant,No,Yes,Yes,,
441,50,2,Good,Smartphone,2,0,6,2,Youtube,1,3,Remain Constant,No,Yes,No,,
443,16,2,Very Poor,Laptop  Desktop,2,1,9,2,Instagram,1,2,Remain Constant,Yes,No,Yes,,
446,21,0,Very Poor,Laptop  Desktop,2,1,7,2,Whatsapp,7,3,Increased,No,No,No,,
448,20,0,Very Poor,Laptop  Desktop,2,0,7,5,Instagram,0,2,Decreased,Yes,No,Yes,,
449,22,3,Average,Laptop  Desktop,2,0,7,3,Youtube,0,3,Increased,No,Yes,Yes,,
450,13,1,Excellent,Smartphone,2,0,7,1,Youtube,0,1,Remain Constant,No,Yes,No,,
453,35,4,Average,Smartphone,2,1,6,1,Facebook,1,2,Remain Constant,No,No,Yes,,
460,20,7,Good,Laptop  Desktop,2,0,8,4,Facebook,3,4,Increased,No,No,No,,
462,18,4,Very Poor,Smartphone,2,1,12,2,Instagram,0,3,Remain Constant,No,Yes,No,,
466,13,4,Good,No Equipment,2,2,8,2,Youtube,2,2,Decreased,No,Yes,Yes,,
476,7,2,Good,Smartphone,2,1,9,1,Whatsapp,2,3,Increased,No,No,Yes,,
479,20,5,Very Poor,Laptop  Desktop,2,0,13,4,Instagram,0,2,Increased,No,No,No,,
482,20,4,Very Poor,Laptop  Desktop,2,1,8,2,Youtube,0,3,Increased,No,Yes,Yes,,
489,22,2,Average,Laptop  Desktop,2,0,8,1,Instagram,1,3,Remain Constant,Yes,No,No,,
493,20,2,Average,Smartphone,2,0,12,4,Instagram,0,3,Remain Constant,No,No,Yes,,
494,24,5,Average,Laptop  Desktop,2,0,6,3,Instagram,0,4,Increased,No,No,Yes,,
503,19,3,Very Poor,Laptop  Desktop,2,1,6,2,Instagram,0,3,Increased,No,No,Yes,,
504,13,3,Average,Smartphone,2,1,7,2,Whatsapp,0,3,Decreased,No,Yes,Yes,,
505,10,4,Average,Smartphone,2,1,8,1,Whatsapp,2,3,Remain Constant,No,Yes,Yes,,
506,21,4,Very Poor,Laptop  Desktop,2,0,6,1,Youtube,0,3,Increased,No,No,Yes,,
508,22,1,Very Poor,Smartphone,2,1,6,2,Instagram,0,3,Increased,No,Yes,Yes,,
510,20,0,Poor,Laptop  Desktop,2,0,10,4,Instagram,0,3,Increased,No,No,No,,
514,13,2,Excellent,Smartphone,2,1,6,6,Instagram,8,4,Increased,No,Yes,Yes,,
519,17,1,Average,Smartphone,2,0,8,1,Youtube,1,2,Decreased,No,No,Yes,,
536,20,6,Poor,Laptop  Desktop,2,2,8,1,Instagram,0,3,Decreased,No,Yes,No,,
537,21,4,Very Poor,Laptop  Desktop,2,2,8,4,Youtube,4,3,Decreased,No,Yes,Yes,,
538,14,3,Good,Smartphone Or Laptop  Desktop,2,0,6,1,Whatsapp,1,1,Increased,No,Yes,Yes,,
540,19,2,Excellent,Smartphone,2,1,10,2,Youtube,1,2,Remain Constant,No,Yes,Yes,,
542,20,1,Very Poor,Tablet,2,3,8,2,Whatsapp,2,2,Decreased,No,Yes,Yes,,
545,20,5,Very Poor,Laptop  Desktop,2,0,8,1,Linkedin,2,3,Remain Constant,No,Yes,Yes,,
547,15,1,Good,Smartphone,2,1,8,1,Whatsapp,2,2,Increased,No,No,Yes,,
549,24,2,Average,Smartphone,2,0,6,3,Whatsapp,0,2,Decreased,No,No,No,,
553,15,5,Good,Smartphone,2,1,7,0,Youtube,0,2,Increased,No,No,Yes,,
555,21,6,Average,Laptop  Desktop,2,1,7,2,Youtube,2,3,Remain Constant,No,No,Yes,,
556,13,2,Excellent,Smartphone,2,1,9,2,Facebook,1,3,Increased,No,Yes,No,,
557,22,3,Very Poor,Smartphone,2,1,9,1,Whatsapp,1,4,Remain Constant,Yes,No,Yes,,
560,21,0,Very Poor,Laptop  Desktop,2,0,10,6,Youtube,0,2,Remain Constant,No,No,Yes,,
566,18,3,Good,Smartphone,2,0,8,1,Youtube,1,3,Decreased,No,Yes,No,,
570,21,8,Good,Laptop  Desktop,2,1,7,1,Whatsapp,0,3,Remain Constant,No,Yes,Yes,,
577,19,2,Very Poor,Smartphone,2,0,8,2,Instagram,1,2,Decreased,No,No,Yes,,
580,25,0,No Rating,No Equipment,2,1,9,2,Whatsapp,1,2,Increased,No,No,No,,
586,14,3,Average,Smartphone,2,2,7,2,Whatsapp,2,3,Remain Constant,No,Yes,No,,
588,22,0,Very Poor,Smartphone,2,1,6,1,Youtube,0,1,Decreased,No,Yes,Yes,,
591,36,3,Excellent,Laptop  Desktop,2,0,8,2,Facebook,0,3,Remain Constant,No,No,Yes,,
598,17,4,Very Poor,Smartphone,2,0,10,3,Facebook,4,2,Remain Constant,No,Yes,Yes,,
599,16,1,Average,Smartphone,2,0,10,2,Youtube,3,4,Remain Constant,No,No,Yes,,
602,32,1,Average,Laptop  Desktop,2,1,7,3,Whatsapp,0,3,Increased,Yes,No,Yes,,
603,14,5,Average,Smartphone,2,0,9,1,Whatsapp,2,2,Remain Constant,No,Yes,Yes,,
604,18,4,Average,Laptop  Desktop,2,3,7,4,Instagram,1,2,Decreased,No,No,No,,
605,52,0,Good,Laptop  Desktop,2,1,8,2,Youtube,0,4,Remain Constant,No,Yes,Yes,,
613,18,1,Average,Smartphone,2,0,7,1,Whatsapp,0,3,Decreased,Yes,No,Yes,,
616,22,2,Very Poor,Laptop  Desktop,2,0,6,5,Instagram,0,2,Increased,No,Yes,Yes,,
617,15,3,Very Poor,Smartphone,2,0,10,1,Youtube,2,2,Increased,No,No,Yes,,
625,13,4,Good,Smartphone,2,2,9,1,Whatsapp,6,1,Increased,Yes,Yes,Yes,,
626,32,6,Good,Laptop  Desktop,2,1,5,2,Youtube,2,2,Increased,No,Yes,Yes,,
627,34,2,Average,Laptop  Desktop,2,1,7,4,Facebook,2,2,Remain Constant,No,No,No,,
639,43,2,Good,Laptop  Desktop,2,1,7,1,Whatsapp,1,2,Remain Constant,No,Yes,Yes,,
640,25,1,Average,Smartphone,2,0,10,1,Whatsapp,1,3,Increased,No,No,Yes,,
645,28,2,Excellent,No Equipment,2,1,7,1,Facebook,1,2,Decreased,No,Yes,Yes,,
646,17,1,Good,Smartphone,2,2,6,1,Instagram,1,3,Increased,No,Yes,Yes,,
648,17,1,Good,Smartphone,2,1,12,1,Instagram,1,3,Increased,No,Yes,Yes,,
651,21,0,Very Poor,Smartphone,2,0,10,2,Instagram,0,3,Remain Constant,No,No,No,,
654,19,3,Very Poor,Laptop  Desktop,2,1,8,3,Youtube,0,3,Remain Constant,No,No,Yes,,
656,20,4,Average,Laptop  Desktop,2,1,7,1,Quora,0,3,Decreased,Yes,No,Yes,,
659,19,2,Very Poor,Laptop  Desktop,2,1,9,1,Instagram,0,2,Decreased,Yes,Yes,Yes,,
664,20,5,Very Poor,Smartphone,2,1,7,1,Youtube,0,5,Increased,No,Yes,Yes,,
665,22,6,Average,Smartphone,2,1,11,6,Instagram,2,4,Increased,Yes,No,No,,
666,22,3,Very Poor,Laptop  Desktop,2,0,9,4,Instagram,1,4,Increased,No,No,Yes,,
669,21,2,Very Poor,Laptop  Desktop,2,0,6,3,Whatsapp,0,3,Remain Constant,No,No,No,,
674,22,1,Very Poor,Laptop  Desktop,2,1,9,2,Whatsapp,1,3,Remain Constant,Yes,No,No,,
675,20,6,Average,Laptop  Desktop,2,1,8,4,Instagram,0,2,Remain Constant,No,No,No,,
678,21,3,Average,Laptop  Desktop,2,1,7,2,Youtube,1,3,Decreased,No,Yes,Yes,,
690,20,0,Very Poor,Laptop  Desktop,2,2,9,2,Instagram,1,3,Decreased,No,Yes,Yes,,
691,20,4,Very Poor,Smartphone,2,1,6,2,Instagram,1,3,Increased,No,Yes,Yes,,
692,21,4,Good,Smartphone,2,1,7,3,Instagram,0,3,Remain Constant,No,Yes,Yes,,
701,19,1,Average,Laptop  Desktop,2,1,7,3,Instagram,0,3,Remain Constant,No,No,Yes,,
705,20,2,Average,Laptop  Desktop,2,1,9,1,Youtube,1,3,Remain Constant,No,Yes,No,,
706,19,2,Very Poor,Laptop  Desktop,2,0,12,2,Whatsapp,0,2,Decreased,No,Yes,Yes,,
712,18,7,Average,Laptop  Desktop,2,1,8,3,Whatsapp,1,3,Decreased,No,Yes,Yes,,
715,17,3,Average,Laptop  Desktop,2,0,6,2,Instagram,0,3,Increased,No,No,Yes,,
717,20,5,Very Poor,Smartphone,2,2,6,3,Youtube,2,2,Decreased,No,No,No,,
720,19,2,Average,Smartphone,2,0,9,5,Instagram,1,2,Remain Constant,No,No,No,,
728,20,5,Very Poor,Laptop  Desktop,2,3,10,1,Youtube,1,2,Decreased,Yes,Yes,Yes,,
731,29,2,Average,Laptop  Desktop,2,1,8,0,Youtube,0,2,Remain Constant,No,No,Yes,,
737,20,2,Very Poor,Smartphone,2,0,9,10,Youtube,1,2,Decreased,No,Yes,Yes,,
742,19,0,Very Poor,Smartphone,2,1,7,4,Instagram,0,2,Remain Constant,No,No,Yes,,
745,21,2,Average,Smartphone,2,1,8,1,Youtube,0,3,Remain Constant,No,No,No,,
747,20,3,Good,Laptop  Desktop,2,1,7,5,Whatsapp,2,3,Remain Constant,No,No,Yes,,
748,22,4,Good,Laptop  Desktop,2,1,12,2,Instagram,2,3,Remain Constant,No,No,Yes,,
752,23,3,Good,Laptop  Desktop,2,1,6,1,Whatsapp,0,2,Remain Constant,No,Yes,Yes,,
753,21,2,Very Poor,Smartphone,2,1,8,4,Whatsapp,1,4,Increased,No,No,Yes,,
754,19,3,Very Poor,Smartphone,2,1,9,5,Instagram,1,3,Remain Constant,No,No,No,,
756,20,4,Average,Smartphone,2,0,8,2,Whatsapp,4,3,Remain Constant,No,Yes,Yes,,
757,22,2,Good,Laptop  Desktop,2,1,8,2,Whatsapp,0,4,Increased,No,Yes,Yes,,
758,19,2,Poor,Smartphone,2,2,8,3,Youtube,0,4,Decreased,Yes,Yes,No,,
763,18,4,Good,Smartphone,2,1,6,2,Whatsapp,0,4,Remain Constant,No,Yes,No,,
768,21,1,Very Poor,Smartphone,2,1,9,1,Youtube,0,3,Increased,No,No,Yes,,
770,19,4,Very Poor,Smartphone,2,1,9,7,Instagram,3,3,Increased,No,No,Yes,,
771,21,2,Very Poor,Smartphone,2,0,8,1,Twitter,0,3,Increased,Yes,No,Yes,,
779,23,3,Average,Laptop  Desktop,2,1,6,3,Twitter,2,4,Remain Constant,No,Yes,Yes,,
781,12,5,Average,Smartphone,2,1,7,0,No Social Media,1,4,Remain Constant,No,Yes,Yes,,
783,22,0,No Rating,No Equipment,2,1,8,2,Instagram,2,3,Remain Constant,No,Yes,Yes,,
788,40,1,Excellent,Laptop  Desktop,2,1,7,1,Whatsapp,1,2,Remain Constant,No,Yes,Yes,,
791,22,1,Very Poor,Smartphone,2,1,5,10,Instagram,0,2,Decreased,No,No,No,,
792,20,7,Poor,Smartphone,2,0,8,3,Instagram,0,2,Remain Constant,Yes,No,Yes,,
795,18,0,Poor,Laptop  Desktop,2,2,7,4,Instagram,1,3,Remain Constant,No,Yes,Yes,,
800,23,5,Excellent,Laptop  Desktop,2,1,8,1,Whatsapp,4,3,Remain Constant,Yes,Yes,Yes,,
802,19,4,Very Poor,Smartphone,2,1,8,2,Youtube,1,3,Remain Constant,No,No,Yes,,
804,21,3,Very Poor,Laptop  Desktop,2,0,7,1,Instagram,0,2,Increased,No,No,No,,
810,26,3,Very Poor,Laptop  Desktop,2,1,8,1,Youtube,0,4,Increased,No,Yes,Yes,,
816,40,5,Average,Smartphone,2,1,8,4,Whatsapp,6,3,Remain Constant,No,Yes,Yes,,
817,23,1,Poor,Smartphone,2,1,8,2,Instagram,2,2,Increased,Yes,No,Yes,,
818,21,3,Very Poor,Smartphone,2,2,7,3,Whatsapp,3,2,Remain Constant,No,Yes,Yes,,
822,22,3,Good,Smartphone,2,1,8,2,Youtube,1,2,Remain Constant,No,Yes,No,,
826,21,0,Very Poor,Smartphone,2,3,9,1,Whatsapp,1,1,Decreased,Yes,No,No,,
828,21,2,Good,Laptop  Desktop,2,2,7,1,Whatsapp,0,4,Remain Constant,No,Yes,Yes,,
838,40,6,Excellent,Laptop  Desktop,2,1,6,2,Whatsapp,2,3,Decreased,No,Yes,No,,
840,22,4,Good,Laptop  Desktop,2,1,8,5,Whatsapp,0,3,Remain Constant,No,No,Yes,,
844,36,4,Good,Laptop  Desktop,2,1,10,1,Youtube,1,3,Increased,No,Yes,Yes,,
845,23,4,Good,Laptop  Desktop,2,1,7,3,Youtube,1,3,Remain Constant,No,Yes,Yes,,
851,21,4,Very Poor,Laptop  Desktop,2,0,10,2,Whatsapp,0,3,Increased,No,No,No,,
853,27,3,Good,Laptop  Desktop,2,1,8,2,Instagram,1,4,Decreased,Yes,No,No,,
854,20,2,Average,Laptop  Desktop,2,0,7,2,Whatsapp,1,3,Increased,No,No,Yes,,
856,20,8,Very Poor,Laptop  Desktop,2,0,6,2,Linkedin,3,3,Decreased,No,No,Yes,,
859,21,3,Very Poor,Laptop  Desktop,2,1,8,1,Whatsapp,1,3,Remain Constant,No,No,No,,
863,21,4,Average,Smartphone,2,2,12,2,Instagram,0,2,Decreased,No,No,Yes,,
867,21,3,Average,Smartphone,2,2,7,1,Whatsapp,3,2,Remain Constant,No,Yes,Yes,,
868,20,6,Average,Laptop  Desktop,2,2,7,3,Whatsapp,1,4,Decreased,No,Yes,No,,
872,17,1,Very Poor,Smartphone,2,0,7,2,Snapchat,1,3,Increased,Yes,No,No,,
874,19,2,Average,Laptop  Desktop,2,1,9,2,Instagram,1,4,Remain Constant,No,No,No,,
877,17,7,Very Poor,Smartphone,2,1,6,3,Youtube,1,3,Increased,No,No,Yes,,
878,20,3,Poor,Smartphone,2,0,7,3,Youtube,1,2,Decreased,Yes,No,Yes,,
881,21,5,Average,Laptop  Desktop,2,0,9,1,Instagram,2,3,Remain Constant,No,No,No,,
888,28,3,Good,Laptop  Desktop,2,1,8,4,Instagram,1,3,Remain Constant,No,Yes,Yes,,
893,20,6,Average,Laptop  Desktop,2,1,8,2,Instagram,1,3,Remain Constant,No,Yes,Yes,,
894,14,2,Good,Smartphone,2,1,8,3,Whatsapp,1,3,Increased,No,No,Yes,,
896,21,3,Very Poor,Laptop  Desktop,2,0,8,6,Instagram,5,4,Increased,No,No,Yes,,
898,19,5,Very Poor,Smartphone,2,0,6,3,Instagram,0,1,Increased,No,No,Yes,,
899,19,8,Very Poor,Laptop  Desktop,2,1,6,2,Whatsapp,0,3,Remain Constant,No,No,No,,
902,19,5,Very Poor,Smartphone,2,0,7,3,Instagram,0,3,Increased,No,Yes,Yes,,
903,27,1,Average,Laptop  Desktop,2,0,8,3,Instagram,2,3,Increased,No,Yes,Yes,,
913,21,6,Average,Laptop  Desktop,2,1,8,5,Instagram,2,2,Increased,No,No,Yes,,
917,20,3,Average,Smartphone,2,0,8,1,Facebook,1,3,Remain Constant,No,No,Yes,,
918,19,5,Average,Laptop  Desktop,2,1,8,2,Whatsapp,1,3,Increased,No,No,Yes,,
920,21,5,Average,Laptop  Desktop,2,0,10,2,Whatsapp,1,3,Increased,No,Yes,No,,
921,10,5,Average,Laptop  Desktop,2,1,9,2,Whatsapp,1,4,Increased,No,Yes,Yes,,
923,9,5,Excellent,Smartphone Or Laptop  Desktop,2,1,7,1,Whatsapp,0,4,Remain Constant,No,Yes,Yes,,
925,13,4,Good,Laptop  Desktop,2,0,10,3,Youtube,0,4,Remain Constant,No,No,Yes,,
926,23,2,Very Poor,Smartphone,2,1,6,3,Whatsapp,0,3,Increased,No,No,No,,
930,14,9,Good,Smartphone,2,1,9,1,Instagram,0,2,Remain Constant,No,Yes,Yes,,
931,32,2,Average,Smartphone,2,1,6,1,Youtube,0,1,Remain Constant,No,Yes,Yes,,
932,21,3,Average,Smartphone,2,1,8,6,Whatsapp,3,2,Remain Constant,No,No,Yes,,
936,26,9,Very Poor,Laptop  Desktop,2,0,5,3,Linkedin,1,3,Increased,No,Yes,Yes,,
937,21,2,Very Poor,Smartphone,2,0,7,1,Youtube,1,3,Remain Constant,Yes,No,Yes,,
941,15,2,Good,Laptop  Desktop,2,0,11,5,Youtube,0,3,Remain Constant,No,No,Yes,,
948,17,3,Average,Smartphone,2,1,8,5,Whatsapp,4,1,Remain Constant,No,Yes,Yes,,
952,21,6,Average,Smartphone,2,1,7,3,Whatsapp,1,3,Decreased,No,Yes,Yes,,
953,14,6,Good,Tablet,2,0,8,1,Youtube,3,3,Increased,No,No,Yes,,
958,11,4,Good,Smartphone,2,0,9,1,Whatsapp,0,3,Remain Constant,No,Yes,Yes,,
959,20,3,Good,Laptop  Desktop,2,1,10,2,Instagram,0,4,Increased,No,Yes,Yes,,
961,20,0,No Rating,No Equipment,2,0,7,1,Twitter,2,2,Remain Constant,No,No,Yes,,
969,23,0,No Rating,No Equipment,2,2,10,6,Youtube,0,2,Remain Constant,No,Yes,No,,
976,19,1,Good,Laptop  Desktop,2,0,8,1,Whatsapp,0,3,Remain Constant,No,No,Yes,,
977,20,4,Very Poor,Smartphone,2,0,10,1,Instagram,0,3,Decreased,No,No,No,,
979,17,4,Good,Laptop  Desktop,2,1,10,6,Whatsapp,4,4,Increased,No,Yes,Yes,,
980,20,10,Very Poor,Laptop  Desktop,2,1,8,5,Instagram,0,3,Remain Constant,No,No,No,,
981,20,4,Good,Smartphone,2,1,8,2,Instagram,1,4,Remain Constant,No,Yes,Yes,,
982,27,4,Average,Smartphone,2,0,7,8,Youtube,4,3,Increased,No,No,Yes,,
984,18,8,Good,Smartphone,2,0,7,2,Instagram,1,3,Increased,No,No,No,,
987,20,4,Good,Smartphone,2,1,8,2,Instagram,1,4,Remain Constant,No,Yes,Yes,,
988,19,6,Very Poor,Laptop  Desktop,2,0,8,2,Instagram,0,3,Increased,No,No,No,,
992,19,8,Good,Smartphone,2,2,8,5,Instagram,1,2,Decreased,Yes,No,Yes,,
995,19,2,Good,Smartphone,2,1,8,3,Whatsapp,2,1,Decreased,Yes,No,Yes,,
996,18,5,Average,Smartphone,2,0,6,1,Instagram,0,3,Remain Constant,No,No,Yes,,
999,23,2,Average,Laptop  Desktop,2,2,7,5,Whatsapp,2,2,Remain Constant,No,No,Yes,,
1000,22,4,Good,Laptop  Desktop,2,0,9,3,Instagram,1,2,Increased,No,Yes,Yes,,
1002,19,6,Good,Laptop  Desktop,2,0,8,10,Instagram,0,4,Increased,No,No,Yes,,
1008,19,6,Average,Laptop  Desktop,2,2,6,3,Instagram,0,2,Increased,No,No,Yes,,
1009,20,3,Very Poor,Laptop  Desktop,2,0,7,3,Instagram,0,4,Decreased,Yes,No,No,,
1010,26,4,Very Poor,Smartphone,2,0,7,2,Instagram,0,3,Increased,No,No,Yes,,
1011,20,3,Very Poor,Laptop  Desktop,2,1,8,1,Whatsapp,1,4,Increased,No,No,Yes,,
1012,23,4,Good,Smartphone,2,1,7,3,Linkedin,1,3,Remain Constant,Yes,Yes,Yes,,
1014,19,4,Average,Laptop  Desktop,2,1,8,2,Whatsapp,1,2,Remain Constant,No,No,No,,
1015,22,0,Good,Laptop  Desktop,2,1,9,2,Instagram,2,2,Remain Constant,No,Yes,Yes,,
1020,32,3,Average,Laptop  Desktop,2,0,6,2,Whatsapp,0,3,Increased,Yes,Yes,Yes,,
1026,27,0,Good,Smartphone,2,0,8,2,Youtube,2,3,Remain Constant,No,No,Yes,,
1027,36,3,Average,Laptop  Desktop,2,0,10,2,Youtube,0,3,Increased,No,No,No,,
1030,16,4,Very Poor,Smartphone,2,0,9,2,Youtube,0,2,Remain Constant,No,No,Yes,,
1033,25,0,Very Poor,Smartphone,2,0,7,5,Facebook,0,3,Remain Constant,No,No,Yes,,
1046,20,2,Good,Smartphone,2,1,8,2,Instagram,3,3,Decreased,No,Yes,Yes,,
1047,21,4,Excellent,Laptop  Desktop,2,0,8,1,Whatsapp,4,3,Increased,Yes,Yes,Yes,,
1048,22,2,Average,Laptop  Desktop,2,1,8,3,Whatsapp,1,3,Remain Constant,No,No,No,,
1052,18,2,Average,Smartphone,2,1,8,1,Instagram,2,4,Remain Constant,No,No,Yes,,
1053,20,3,Very Poor,Smartphone,2,0,6,3,Instagram,0,2,Increased,No,Yes,No,,
1057,18,6,Very Poor,Laptop  Desktop,2,0,8,1,Instagram,1,2,Increased,No,No,Yes,,
1059,20,3,Average,Laptop  Desktop,2,0,9,5,Youtube,0,4,Increased,No,No,No,,
1060,33,4,Average,Smartphone,2,1,6,4,Youtube,1,3,Increased,Yes,Yes,Yes,,
1068,16,5,Average,Laptop  Desktop,2,1,10,1,No Social Media,2,4,Increased,No,Yes,Yes,,
1074,16,5,Very Poor,Smartphone,2,1,7,1,Youtube,2,3,Remain Constant,No,No,Yes,,
1079,15,8,Very Poor,Smartphone,2,0,8,1,Youtube,0,3,Increased,No,No,Yes,,
1080,16,7,Good,Smartphone,2,0,8,1,Youtube,2,3,Remain Constant,No,No,Yes,,
1106,16,5,Very Poor,Smartphone,2,1,8,1,Whatsapp,4,2,Increased,No,No,Yes,,
1108,15,5,Good,Laptop  Desktop,2,2,6,1,Whatsapp,2,3,Remain Constant,No,No,No,,
1109,16,4,Very Poor,Smartphone,2,2,6,5,Youtube,0,4,Increased,No,No,Yes,,
1113,16,5,Average,Smartphone,2,1,10,1,Whatsapp,1,3,Remain Constant,No,No,Yes,,
1118,14,4,Excellent,Smartphone,2,1,9,1,Whatsapp,2,3,Remain Constant,No,Yes,Yes,,
1124,13,6,Good,Smartphone,2,2,6,1,Youtube,1,1,Decreased,No,Yes,Yes,,
1126,12,4,Excellent,Smartphone,2,1,6,0,Youtube,2,2,Remain Constant,Yes,Yes,Yes,,
1129,13,6,Average,Laptop  Desktop,2,0,5,1,Youtube,0,3,Remain Constant,No,No,No,,
1133,14,6,Average,Smartphone,2,1,4,1,Youtube,2,3,Remain Constant,No,Yes,No,,
1134,14,4,Excellent,Smartphone,2,2,12,1,Whatsapp,2,3,Decreased,No,Yes,Yes,,
1140,13,4,Average,Smartphone,2,1,8,2,Youtube,5,3,Remain Constant,No,No,Yes,,
1141,12,6,Good,Smartphone,2,1,7,3,Youtube,1,2,Remain Constant,No,Yes,Yes,,
1142,11,4,Excellent,Smartphone,2,0,11,1,Whatsapp,2,2,Remain Constant,No,Yes,Yes,,
1143,12,6,Excellent,Tablet,2,1,9,1,Whatsapp,1,3,Increased,No,Yes,Yes,,
1144,13,2,Good,Smartphone,2,1,6,1,Whatsapp,0,2,Decreased,No,No,Yes,,
1146,16,4,Average,Smartphone,2,0,5,1,Youtube,1,3,Increased,No,Yes,No,,
1147,10,4,Good,Smartphone,2,1,7,0,No Social Media,1,3,Remain Constant,No,Yes,Yes,,
1151,14,5,Average,Smartphone Or Laptop  Desktop,2,0,9,1,Whatsapp,1,4,Increased,Yes,Yes,Yes,,
1154,15,4,Very Poor,Smartphone,2,1,9,1,Instagram,2,4,Remain Constant,No,Yes,Yes,,
1157,13,6,Good,Smartphone,2,0,11,1,Whatsapp,1,3,Remain Constant,No,Yes,Yes,,
1158,11,5,Average,Smartphone,2,1,8,1,Whatsapp,1,1,Decreased,No,Yes,No,,
1160,14,5,Excellent,Smartphone,2,0,12,2,Youtube,1,3,Remain Constant,No,No,Yes,,
1161,12,6,Good,Laptop  Desktop,2,2,8,7,Snapchat,2,3,Remain Constant,No,Yes,Yes,,
1164,12,4,Good,Smartphone,2,1,8,0,Whatsapp,3,4,Remain Constant,No,Yes,Yes,,
1168,14,6,Good,Smartphone,2,1,8,1,Whatsapp,1,1,Decreased,No,No,Yes,,
1171,14,6,Average,Smartphone,2,1,10,1,Whatsapp,1,3,Remain Constant,No,Yes,Yes,,
1174,14,4,Excellent,Smartphone,2,1,6,1,Whatsapp,1,2,Remain Constant,No,Yes,Yes,,
1176,12,5,Excellent,Smartphone,2,1,12,0,Youtube,1,3,Remain Constant,No,Yes,Yes,,
1179,13,6,Excellent,Laptop  Desktop,2,1,9,1,Whatsapp,3,4,Remain Constant,No,Yes,Yes,,
1181,12,5,Good,Laptop  Desktop,2,0,8,2,Youtube,1,3,Remain Constant,No,Yes,No,,
1182,13,6,Good,Tablet,2,1,6,1,Youtube,2,3,Decreased,No,Yes,Yes,,
1186,15,5,Average,Smartphone,2,1,13,1,Youtube,1,2,Remain Constant,No,No,Yes,,
1188,13,8,Average,Laptop  Desktop,2,1,7,1,Whatsapp,1,3,Decreased,No,Yes,Yes,,
1195,13,5,Good,Tablet,2,1,7,1,Whatsapp,1,3,Remain Constant,No,Yes,Yes,,
337,14,5,Average,Smartphone,2,0,8,2,Youtube,3,2,Remain Constant,No,Yes,Yes,,
136,22,0,Poor,Smartphone,3,1,12,0,Youtube,0,5,Increased,No,No,Yes,,
206,20,5,Good,Smartphone,3,1,9,3,Instagram,1,2,Remain Constant,No,Yes,Yes,,
274,16,4,Poor,Smartphone Or Laptop  Desktop,3,1,6,1,Whatsapp,1,3,Remain Constant,No,Yes,Yes,,
339,19,2,Average,Smartphone,3,0,9,2,Facebook,1,3,Remain Constant,No,No,No,,
370,17,6,Average,Laptop  Desktop,3,1,6,0,No Social Media,1,3,Remain Constant,No,Yes,Yes,,
373,20,1,Average,Laptop  Desktop,3,0,6,4,Instagram,1,3,Remain Constant,No,Yes,Yes,,
721,20,2,Very Poor,Smartphone,3,2,9,1,Youtube,2,2,Decreased,Yes,No,Yes,,
3,20,7,Very Poor,Laptop  Desktop,3,0,6,2,Linkedin,0,3,Remain Constant,No,No,Yes,,
5,21,3,Good,Laptop  Desktop,3,1,8,3,Instagram,1,4,Remain Constant,No,No,No,,
11,21,3,Good,Laptop  Desktop,3,1,8,3,Instagram,1,4,Remain Constant,No,No,No,,
16,22,3,Average,Smartphone,3,1,6,2,Instagram,1,3,Increased,No,Yes,Yes,,
44,21,5,Very Poor,Laptop  Desktop,3,1,8,1,Instagram,0,2,Increased,No,No,No,,
48,20,2,Very Poor,Smartphone,3,0,6,2,Youtube,0,3,Decreased,Yes,No,No,,
69,20,2,Very Poor,Smartphone,3,2,9,1,Youtube,1,2,Decreased,Yes,No,Yes,,
71,20,2,Very Poor,Smartphone,3,1,6,2,Instagram,1,4,Increased,No,No,No,,
78,20,3,Average,Laptop  Desktop,3,0,10,10,Facebook,5,3,Increased,No,No,No,,
87,20,5,Average,Smartphone,3,1,7,2,Instagram,0,3,Increased,Yes,Yes,Yes,,
88,21,4,Very Poor,Smartphone,3,1,8,1,Linkedin,0,3,Decreased,No,No,No,,
90,19,4,Average,Smartphone,3,1,7,3,Instagram,2,3,Increased,No,Yes,Yes,,
91,25,4,Very Poor,Smartphone,3,1,7,1,Instagram,0,3,Remain Constant,Yes,No,No,,
95,20,2,Average,Smartphone,3,1,5,4,Instagram,1,3,Increased,No,No,Yes,,
96,19,5,Good,Tablet,3,1,8,2,Snapchat,0,2,Remain Constant,No,No,Yes,,
99,21,1,Good,Smartphone,3,2,10,1,Youtube,2,4,Increased,Yes,No,Yes,,
104,16,3,Very Poor,Smartphone,3,1,7,3,Youtube,1,2,Remain Constant,No,No,No,,
109,18,2,Very Poor,Smartphone,3,1,8,1,Instagram,1,3,Decreased,No,Yes,Yes,,
110,10,3,Good,Tablet,3,0,10,1,Youtube,4,3,Remain Constant,No,Yes,No,,
115,18,2,Very Poor,Smartphone,3,1,10,2,Whatsapp,0,3,Remain Constant,No,No,Yes,,
124,18,5,Very Poor,Smartphone,3,0,9,7,Whatsapp,0,3,Increased,No,Yes,No,,
127,20,2,Average,Smartphone,3,1,7,1,Whatsapp,1,3,Remain Constant,No,Yes,Yes,,
129,15,1,Good,Smartphone,3,1,6,4,Whatsapp,2,4,Increased,No,Yes,Yes,,
131,20,3,Very Poor,Smartphone,3,0,9,2,Youtube,2,2,Decreased,No,Yes,Yes,,
142,20,3,Very Poor,Smartphone,3,0,9,2,Youtube,2,2,Decreased,No,Yes,Yes,,
149,19,6,Very Poor,Smartphone,3,0,7,2,Whatsapp,1,2,Increased,Yes,No,Yes,,
154,20,5,Very Poor,Tablet,3,1,8,2,Whatsapp,3,4,Increased,No,No,No,,
155,21,1,Very Poor,Smartphone,3,0,6,1,Instagram,1,1,Decreased,Yes,No,Yes,,
162,20,6,Very Poor,Smartphone,3,0,8,4,Linkedin,2,3,Increased,Yes,No,Yes,,
164,21,4,Very Poor,Smartphone,3,1,8,1,Youtube,1,3,Remain Constant,Yes,No,Yes,,
169,20,0,Very Poor,Smartphone,3,2,12,1,Instagram,0,3,Increased,No,No,No,,
171,20,0,Very Poor,Smartphone,3,2,8,2,Whatsapp,1,3,Remain Constant,Yes,Yes,Yes,,
173,16,4,Excellent,Laptop  Desktop,3,2,10,1,Youtube,1,3,Increased,No,Yes,Yes,,
174,22,1,Average,Smartphone,3,1,7,1,Whatsapp,0,3,Remain Constant,No,No,Yes,,
177,34,3,Good,Laptop  Desktop,3,1,7,1,Whatsapp,2,3,Remain Constant,No,Yes,Yes,,
178,22,0,Average,Laptop  Desktop,3,1,9,0,Telegram,2,5,Decreased,No,No,Yes,,
192,21,3,Good,Laptop  Desktop,3,1,8,4,Youtube,0,3,Remain Constant,No,No,Yes,,
194,34,3,Average,Laptop  Desktop,3,1,8,1,Whatsapp,1,3,Remain Constant,No,Yes,Yes,,
198,20,3,Average,Laptop  Desktop,3,1,7,1,Instagram,0,3,Remain Constant,No,Yes,Yes,,
200,25,2,Very Poor,Laptop  Desktop,3,1,8,4,Facebook,1,2,Increased,No,No,No,,
201,19,1,Very Poor,Smartphone,3,1,8,1,Instagram,0,2,Remain Constant,No,Yes,Yes,,
222,22,4,Average,Laptop  Desktop,3,1,8,3,Whatsapp,0,4,Increased,No,Yes,No,,
223,17,9,Poor,Laptop  Desktop,3,0,5,1,Instagram,1,3,Remain Constant,No,No,No,,
225,22,0,Very Poor,Laptop  Desktop,3,0,10,8,Instagram,0,2,Increased,Yes,Yes,Yes,,
233,22,4,Average,Laptop  Desktop,3,2,8,2,Whatsapp,1,4,Increased,No,Yes,Yes,,
243,16,7,Average,Smartphone,3,2,11,2,Instagram,1,3,Decreased,Yes,No,Yes,,
257,18,0,Very Poor,Laptop  Desktop,3,0,8,4,Facebook,1,3,Increased,No,No,Yes,,
264,21,3,Good,Laptop  Desktop,3,1,6,1,Whatsapp,1,2,Increased,Yes,Yes,No,,
267,16,6,Good,Laptop  Desktop,3,0,7,1,Whatsapp,1,3,Remain Constant,No,No,No,,
276,19,1,Very Poor,Laptop  Desktop,3,0,8,3,Instagram,3,3,Increased,Yes,Yes,Yes,,
280,19,2,Average,Smartphone,3,1,9,3,Whatsapp,3,3,Increased,No,No,Yes,,
292,20,1,Very Poor,Laptop  Desktop,3,1,9,4,Instagram,0,2,Increased,No,Yes,Yes,,
293,22,3,Average,Smartphone,3,0,8,2,Instagram,1,3,Increased,No,No,No,,
299,19,2,Very Poor,Laptop  Desktop,3,1,8,1,Instagram,2,4,Remain Constant,No,Yes,Yes,,
302,25,1,Average,Laptop  Desktop,3,1,7,3,Whatsapp,2,3,Increased,No,No,Yes,,
310,21,3,Average,Laptop  Desktop,3,2,7,2,Youtube,2,2,Increased,No,No,Yes,,
311,22,1,Average,Smartphone,3,1,8,1,Instagram,0,2,Decreased,Yes,No,No,,
314,16,4,Very Poor,Smartphone,3,0,8,4,Youtube,0,4,Remain Constant,No,Yes,No,,
315,19,1,Average,Laptop  Desktop,3,2,7,1,Instagram,2,2,Remain Constant,Yes,No,No,,
316,21,5,Very Poor,Laptop  Desktop,3,2,10,6,Youtube,1,3,Increased,Yes,Yes,No,,
326,12,1,Good,Laptop  Desktop,3,2,8,2,Youtube,1,4,Increased,No,Yes,Yes,,
345,15,3,Good,Laptop  Desktop,3,1,7,1,Youtube,2,2,Increased,No,Yes,Yes,,
354,21,3,Average,Laptop  Desktop,3,1,8,2,Instagram,0,3,Increased,No,No,Yes,,
355,15,5,Average,Smartphone,3,3,8,3,Instagram,2,3,Remain Constant,No,Yes,Yes,,
356,34,2,Average,Laptop  Desktop,3,1,7,2,Twitter,1,3,Remain Constant,No,Yes,Yes,,
371,23,3,Good,Laptop  Desktop,3,0,7,2,Linkedin,0,3,Remain Constant,No,No,Yes,,
380,21,3,Average,Laptop  Desktop,3,0,8,2,Instagram,0,4,Decreased,No,No,Yes,,
381,42,4,Good,Laptop  Desktop,3,0,7,1,Facebook,1,2,Increased,No,Yes,Yes,,
390,21,4,Very Poor,No Equipment,3,1,6,2,Youtube,5,2,Remain Constant,No,No,Yes,,
393,17,2,Excellent,Smartphone,3,1,6,2,Whatsapp,2,1,Increased,No,Yes,Yes,,
396,17,5,Average,Smartphone,3,1,6,1,Facebook,2,1,Remain Constant,No,Yes,Yes,,
413,20,5,Very Poor,Laptop  Desktop,3,1,7,4,Twitter,0,3,Decreased,No,Yes,Yes,,
416,14,1,Good,Smartphone,3,1,9,1,No Social Media,0,3,Increased,No,Yes,Yes,,
419,36,2,Excellent,Tablet,3,1,7,5,Youtube,3,3,Increased,No,No,Yes,,
424,24,0,Excellent,Laptop  Desktop,3,1,8,3,Instagram,0,3,Decreased,No,Yes,No,,
426,22,1,Very Poor,Smartphone,3,0,7,3,Youtube,2,3,Remain Constant,No,No,Yes,,
428,12,1,Excellent,Smartphone,3,1,6,1,Youtube,1,1,Remain Constant,No,No,Yes,,
430,20,2,Average,Laptop  Desktop,3,2,7,3,Instagram,1,2,Decreased,No,Yes,Yes,,
435,15,5,Average,Laptop  Desktop,3,1,10,3,Instagram,1,4,Remain Constant,No,Yes,Yes,,
439,14,7,Very Poor,Tablet,3,0,8,0,No Social Media,1,2,Decreased,No,No,No,,
451,13,3,Good,Smartphone,3,1,8,1,Whatsapp,1,2,Increased,No,Yes,Yes,,
452,16,6,Good,Smartphone,3,1,6,1,Youtube,1,1,Decreased,No,Yes,Yes,,
464,18,2,Good,No Equipment,3,1,7,2,Whatsapp,1,3,Remain Constant,Yes,Yes,Yes,,
467,22,1,Average,No Equipment,3,3,8,3,Instagram,3,4,Increased,No,Yes,Yes,,
475,19,0,Good,Laptop  Desktop,3,1,8,3,Instagram,1,3,Increased,No,No,No,,
481,19,4,Very Poor,Laptop  Desktop,3,1,8,3,Whatsapp,2,3,Increased,No,Yes,Yes,,
487,19,2,Very Poor,Laptop  Desktop,3,0,7,3,Whatsapp,2,2,Increased,No,No,No,,
499,20,1,Very Poor,Smartphone,3,1,10,3,Instagram,2,2,Increased,Yes,No,No,,
507,20,2,Very Poor,Laptop  Desktop,3,0,11,1,Whatsapp,1,3,Remain Constant,No,No,No,,
513,19,4,Very Poor,Laptop  Desktop,3,2,8,2,Instagram,1,4,Remain Constant,No,Yes,Yes,,
515,20,2,Average,Laptop  Desktop,3,0,7,5,Instagram,6,2,Increased,No,No,No,,
518,17,2,Excellent,Smartphone,3,1,8,3,Whatsapp,1,2,Increased,No,Yes,Yes,,
523,20,4,Average,Laptop  Desktop,3,0,8,4,Youtube,2,4,Increased,No,No,Yes,,
525,17,3,Average,Smartphone,3,3,9,2,Youtube,0,3,Increased,No,No,No,,
565,20,1,Good,Smartphone,3,1,8,3,Youtube,1,4,Remain Constant,No,No,Yes,,
587,20,4,Very Poor,Smartphone,3,0,8,1,Facebook,0,1,Increased,No,No,Yes,,
589,13,6,Average,Tablet,3,1,10,1,Snapchat,6,3,Remain Constant,No,Yes,Yes,,
592,13,4,Good,Any Gadget,3,1,9,3,Instagram,2,2,Decreased,No,Yes,Yes,,
596,25,2,Good,Laptop  Desktop,3,0,7,2,Linkedin,3,2,Remain Constant,No,Yes,Yes,,
601,40,5,Very Poor,Laptop  Desktop,3,0,6,3,Whatsapp,0,3,Increased,Yes,Yes,Yes,,
608,21,6,Very Poor,Laptop  Desktop,3,0,8,4,Linkedin,1,3,Increased,Yes,No,No,,
609,21,4,Average,Laptop  Desktop,3,0,8,2,Whatsapp,1,3,Decreased,No,No,No,,
614,17,2,Excellent,Smartphone,3,2,10,1,Youtube,1,2,Increased,No,Yes,Yes,,
619,17,2,Excellent,Smartphone,3,1,8,1,Facebook,2,1,Increased,No,Yes,Yes,,
622,21,0,Very Poor,Smartphone,3,0,8,4,Instagram,1,3,Remain Constant,Yes,No,Yes,,
623,20,1,Good,Laptop  Desktop,3,1,12,3,Youtube,2,4,Remain Constant,No,Yes,Yes,,
632,30,4,Average,Laptop  Desktop,3,1,7,1,Youtube,1,3,Remain Constant,No,No,No,,
635,21,4,Very Poor,Laptop  Desktop,3,0,6,2,Instagram,0,2,Remain Constant,No,No,No,,
658,20,0,Very Poor,Laptop  Desktop,3,0,8,4,Youtube,2,4,Increased,Yes,No,No,,
661,20,4,Very Poor,Smartphone,3,0,8,3,Youtube,0,3,Remain Constant,No,No,No,,
670,22,3,Average,Laptop  Desktop,3,1,8,3,Instagram,0,2,Decreased,No,Yes,No,,
671,21,4,Good,Smartphone,3,1,8,3,Instagram,3,3,Increased,No,Yes,Yes,,
673,19,5,Good,Laptop  Desktop,3,0,9,5,Whatsapp,1,3,Remain Constant,No,Yes,Yes,,
683,20,3,Good,Laptop  Desktop,3,1,7,2,Instagram,1,2,Remain Constant,No,Yes,Yes,,
685,19,0,Average,Laptop  Desktop,3,1,9,2,Instagram,0,2,Remain Constant,No,No,No,,
688,22,3,Very Poor,Laptop  Desktop,3,0,7,4,Youtube,0,3,Increased,No,No,No,,
697,21,3,Average,Laptop  Desktop,3,0,9,2,Linkedin,0,8,Increased,No,Yes,Yes,,
698,19,1,Average,Laptop  Desktop,3,0,10,4,Instagram,0,3,Decreased,No,No,No,,
710,19,2,Good,Laptop  Desktop,3,1,8,2,Youtube,1,3,Remain Constant,Yes,Yes,Yes,,
711,17,7,Very Poor,Laptop  Desktop,3,2,6,2,Instagram,0,4,Remain Constant,No,Yes,No,,
719,21,3,Very Poor,Laptop  Desktop,3,1,8,3,Instagram,2,2,Increased,No,No,No,,
722,21,3,Very Poor,Laptop  Desktop,3,0,9,4,Snapchat,1,4,Increased,No,No,No,,
727,18,3,Good,Laptop  Desktop,3,0,10,2,Instagram,0,2,Increased,No,No,Yes,,
734,18,2,Average,Laptop  Desktop,3,1,8,2,Youtube,3,3,Increased,No,Yes,Yes,,
739,21,4,Average,Laptop  Desktop,3,0,8,2,Youtube,1,3,Decreased,No,Yes,Yes,,
746,23,0,Good,Laptop  Desktop,3,0,10,4,Youtube,1,3,Increased,No,No,Yes,,
762,22,5,Good,Laptop  Desktop,3,0,7,2,Whatsapp,0,3,Remain Constant,No,Yes,Yes,,
766,20,4,Average,Laptop  Desktop,3,1,9,3,Instagram,1,2,Increased,No,No,Yes,,
772,23,6,Excellent,Laptop  Desktop,3,1,8,1,Whatsapp,0,2,Decreased,No,Yes,Yes,,
774,40,6,Average,Laptop  Desktop,3,0,7,2,Whatsapp,2,3,Remain Constant,No,No,Yes,,
784,30,4,Average,Laptop  Desktop,3,1,8,4,Whatsapp,2,3,Increased,No,No,No,,
789,24,5,Excellent,Laptop  Desktop,3,3,8,2,Whatsapp,2,3,Remain Constant,No,Yes,Yes,,
793,35,3,Good,Laptop  Desktop,3,1,7,1,Whatsapp,1,3,Remain Constant,No,No,No,,
794,40,2,Poor,Smartphone,3,0,5,1,Whatsapp,1,4,Increased,No,No,Yes,,
811,20,5,Good,Smartphone,3,0,7,2,Youtube,2,4,Remain Constant,No,No,Yes,,
830,21,2,Very Poor,Smartphone,3,0,8,2,Instagram,0,2,Increased,Yes,No,No,,
832,20,4,No Rating,No Equipment,3,1,7,2,Whatsapp,2,4,Remain Constant,No,Yes,Yes,,
839,20,2,Very Poor,Smartphone,3,2,8,1,Youtube,1,3,Increased,No,No,No,,
842,22,3,Good,Smartphone,3,0,12,1,Youtube,4,2,Remain Constant,No,No,No,,
846,32,2,Average,Laptop  Desktop,3,0,9,2,No Social Media,1,3,Increased,No,No,Yes,,
847,24,2,Average,Smartphone,3,1,9,2,Twitter,0,2,Remain Constant,No,Yes,Yes,,
849,22,2,Excellent,Laptop  Desktop,3,1,8,2,Instagram,1,3,Decreased,No,Yes,Yes,,
852,38,4,Very Poor,Laptop  Desktop,3,1,6,2,Youtube,2,3,Remain Constant,No,Yes,Yes,,
870,22,5,Average,Smartphone,3,0,8,3,Instagram,0,3,Remain Constant,No,No,Yes,,
875,20,4,Average,Smartphone,3,1,7,1,Youtube,1,2,Increased,No,Yes,Yes,,
880,19,10,Average,Laptop  Desktop,3,1,5,1,Instagram,1,4,Remain Constant,No,No,No,,
885,31,4,Good,Laptop  Desktop,3,2,9,2,Linkedin,0,2,Decreased,No,Yes,Yes,,
890,20,2,Average,Smartphone,3,0,12,7,Instagram,2,4,Decreased,Yes,No,No,,
892,19,4,Average,Laptop  Desktop,3,2,7,4,Instagram,0,3,Decreased,No,No,Yes,,
895,26,1,Average,Smartphone,3,1,8,4,Youtube,0,3,Decreased,Yes,No,Yes,,
897,34,1,Good,Smartphone,3,1,7,0,No Social Media,1,1,Remain Constant,No,No,No,,
905,21,5,Average,Smartphone,3,1,11,3,Youtube,2,3,Remain Constant,No,No,No,,
906,21,2,Very Poor,Smartphone,3,0,8,4,Whatsapp,1,3,Remain Constant,No,No,No,,
924,22,4,Average,Laptop  Desktop,3,1,7,1,Twitter,2,3,Decreased,No,Yes,Yes,,
928,21,1,Good,Laptop  Desktop,3,1,10,3,Instagram,1,3,Increased,No,Yes,Yes,,
934,14,5,Average,Tablet,3,1,6,4,Youtube,0,2,Increased,Yes,Yes,Yes,,
939,21,2,Average,Laptop  Desktop,3,1,8,6,Instagram,2,3,Remain Constant,No,Yes,Yes,,
942,16,3,Average,Smartphone,3,0,10,5,Instagram,3,4,Remain Constant,No,No,Yes,,
943,20,4,Very Poor,Smartphone,3,1,8,5,Youtube,2,4,Increased,No,Yes,Yes,,
974,21,5,Average,Smartphone,3,1,8,4,Youtube,0,4,Remain Constant,Yes,No,No,,
975,20,4,Very Poor,Laptop  Desktop,3,0,9,2,Instagram,1,2,Remain Constant,No,Yes,No,,
978,19,2,Average,Laptop  Desktop,3,1,8,2,Instagram,1,3,Increased,No,No,No,,
994,18,8,Average,Smartphone,3,1,5,4,Youtube,2,2,Decreased,No,No,No,,
1005,12,0,Excellent,Smartphone,3,1,8,1,Whatsapp,2,2,Increased,No,Yes,Yes,,
1006,18,5,Good,Smartphone,3,2,8,3,Youtube,0,3,Remain Constant,No,No,Yes,,
1007,19,4,Very Poor,Laptop  Desktop,3,0,8,2,Youtube,0,3,Remain Constant,No,Yes,No,,
1013,26,4,Very Poor,Smartphone,3,1,7,2,Youtube,1,3,Remain Constant,No,No,No,,
1017,20,2,Good,Smartphone,3,1,6,2,Whatsapp,3,2,Remain Constant,No,No,Yes,,
1018,29,5,Average,Laptop  Desktop,3,1,8,2,Linkedin,2,3,Remain Constant,No,Yes,Yes,,
1022,24,1,Good,Smartphone,3,2,8,2,Youtube,0,2,Remain Constant,No,Yes,Yes,,
1025,35,1,Good,Smartphone,3,1,7,2,Whatsapp,0,2,Remain Constant,No,Yes,Yes,,
1031,38,2,Average,Laptop  Desktop,3,1,5,3,Whatsapp,0,3,Increased,No,Yes,No,,
1036,23,4,Average,Smartphone,3,1,8,2,Whatsapp,0,4,Remain Constant,No,No,Yes,,
1041,19,3,Very Poor,Laptop  Desktop,3,0,8,3,Whatsapp,0,3,Remain Constant,Yes,No,No,,
1043,20,5,Very Poor,Laptop  Desktop,3,1,10,3,Whatsapp,2,3,Increased,No,Yes,No,,
1049,22,2,Very Poor,Smartphone,3,1,10,4,Instagram,2,4,Remain Constant,No,No,Yes,,
1054,20,3,Average,Smartphone,3,1,11,3,Facebook,0,3,Remain Constant,No,No,Yes,,
1055,18,0,Good,Smartphone,3,1,7,2,Instagram,1,4,Remain Constant,No,Yes,Yes,,
1063,15,4,Average,Laptop  Desktop,3,0,8,2,Instagram,1,3,Remain Constant,No,Yes,Yes,,
1065,16,4,Excellent,Smartphone Or Laptop  Desktop,3,1,8,5,Youtube,5,3,Increased,No,No,No,,
1069,15,7,Good,Smartphone,3,2,6,0,Whatsapp,1,3,Remain Constant,No,No,Yes,,
1072,16,7,Good,Tablet,3,0,8,1,Whatsapp,0,2,Decreased,No,No,No,,
1083,16,7,Average,Laptop  Desktop,3,0,8,3,Youtube,2,2,Remain Constant,No,No,No,,
1091,16,7,Good,Smartphone,3,0,7,2,Instagram,1,2,Increased,No,No,Yes,,
1098,16,6,Very Poor,Smartphone,3,1,10,1,Youtube,1,3,Remain Constant,No,Yes,Yes,,
1101,15,5,Very Poor,Smartphone,3,1,9,3,Instagram,0,3,Decreased,No,Yes,Yes,,
1102,16,4,Good,Smartphone,3,1,8,1,Whatsapp,1,4,Remain Constant,No,Yes,No,,
1119,13,4,Excellent,Smartphone,3,0,8,1,Youtube,1,1,Increased,No,Yes,Yes,,
1128,13,8,Good,Smartphone,3,1,13,1,Whatsapp,2,2,Increased,No,No,Yes,,
1132,14,6,Good,Smartphone,3,1,7,1,Whatsapp,1,4,Remain Constant,No,Yes,Yes,,
1138,14,6,Average,Smartphone,3,1,10,1,Whatsapp,2,4,Remain Constant,No,Yes,Yes,,
1145,14,6,Good,Laptop  Desktop,3,1,6,1,Youtube,1,3,Remain Constant,No,Yes,Yes,,
1148,13,5,Excellent,Smartphone,3,1,8,2,Youtube,1,2,Increased,No,Yes,Yes,,
1155,17,6,Very Poor,Smartphone,3,1,7,1,Instagram,1,2,Decreased,No,No,Yes,,
1165,12,5,Excellent,Laptop  Desktop,3,1,7,0,No Social Media,2,2,Remain Constant,No,Yes,Yes,,
1173,12,4,Excellent,Smartphone,3,2,10,1,Whatsapp,1,4,Increased,No,Yes,Yes,,
1175,13,6,Very Poor,Laptop  Desktop,3,1,8,2,Whatsapp,2,3,Decreased,No,Yes,No,,
1180,12,6,Average,Smartphone,3,1,9,1,Whatsapp,1,4,Remain Constant,No,No,Yes,,
1187,12,6,Excellent,Laptop  Desktop,3,1,9,4,Youtube,3,4,Remain Constant,No,Yes,Yes,,
442,20,1,Very Poor,Laptop  Desktop,4,1,8,3,Instagram,1,4,Increased,No,Yes,Yes,,
1127,14,4,Good,Smartphone,4,0,9,2,Youtube,3,3,Remain Constant,No,Yes,Yes,,
1194,14,5,Excellent,Laptop  Desktop,4,1,8,1,Youtube,1,4,Remain Constant,No,Yes,Yes,,
1,21,2,Good,Laptop  Desktop,4,0,7,3,Linkedin,1,4,Increased,No,Yes,Yes,,
9,21,3,Very Poor,Laptop  Desktop,4,1,8,2,Whatsapp,1,3,Increased,No,No,No,,
25,20,3,Very Poor,Smartphone,4,2,9,2,Instagram,1,3,Decreased,No,Yes,No,,
29,31,8,Average,Laptop  Desktop,4,1,6,2,Linkedin,1,3,Remain Constant,No,Yes,Yes,,
41,24,4,Good,Laptop  Desktop,4,2,6,4,Youtube,0,4,Increased,No,Yes,Yes,,
49,21,3,Very Poor,Laptop  Desktop,4,2,8,2,Twitter,0,4,Increased,No,Yes,Yes,,
55,21,4,Average,Smartphone,4,1,8,2,Youtube,2,4,Remain Constant,No,Yes,Yes,,
66,20,4,Average,Smartphone,4,2,7,2,Instagram,1,3,Increased,No,No,Yes,,
72,22,6,Very Poor,Smartphone,4,0,7,2,Whatsapp,0,1,Increased,No,No,No,,
80,19,1,Good,Laptop  Desktop,4,0,8,2,No Social Media,0,4,Increased,No,Yes,Yes,,
89,18,3,Very Poor,Smartphone,4,1,7,1,Whatsapp,0,4,Remain Constant,Yes,No,No,,
92,19,0,Very Poor,Smartphone,4,1,8,1,Whatsapp,0,3,Increased,No,No,Yes,,
103,21,4,Very Poor,Smartphone,4,1,7,1,Whatsapp,0,4,Decreased,Yes,Yes,No,,
113,19,1,Very Poor,Smartphone,4,1,8,1,Youtube,0,4,Remain Constant,No,No,Yes,,
114,14,5,Average,Laptop  Desktop,4,1,7,4,Instagram,1,5,Increased,No,No,No,,
123,21,4,Average,Smartphone,4,1,8,1,Youtube,0,3,Remain Constant,No,Yes,Yes,,
126,20,5,Average,Smartphone,4,1,7,2,Whatsapp,1,3,Increased,No,Yes,Yes,,
128,19,2,Very Poor,Smartphone,4,1,8,2,Youtube,0,4,Decreased,No,No,No,,
132,17,6,Average,Laptop  Desktop,4,1,8,1,Youtube,1,2,Remain Constant,No,No,Yes,,
134,20,2,Very Poor,Smartphone,4,0,10,4,Whatsapp,2,3,Decreased,No,No,Yes,,
152,21,4,Very Poor,Smartphone,4,1,8,2,Instagram,0,3,Increased,No,No,Yes,,
165,22,1,Very Poor,Smartphone,4,1,7,2,Linkedin,0,2,Increased,Yes,No,No,,
167,22,4,Good,Smartphone,4,1,8,2,Whatsapp,0,3,Increased,No,Yes,No,,
175,20,5,Average,Laptop  Desktop,4,0,10,2,Linkedin,4,3,Decreased,No,Yes,Yes,,
176,21,0,Good,Smartphone,4,1,8,2,Instagram,0,2,Decreased,Yes,Yes,Yes,,
187,22,1,Average,Smartphone,4,1,11,1,Instagram,0,3,Remain Constant,Yes,No,No,,
197,21,4,Good,Laptop  Desktop,4,1,7,2,Instagram,2,3,Remain Constant,No,Yes,Yes,,
203,20,3,Good,Laptop  Desktop,4,0,8,2,Youtube,0,3,Remain Constant,No,Yes,Yes,,
207,16,7,Average,Tablet,4,1,7,1,Whatsapp,0,3,Remain Constant,No,Yes,Yes,,
210,17,7,Good,Smartphone,4,0,7,1,Whatsapp,1,2,Increased,No,Yes,No,,
212,20,3,Average,Laptop  Desktop,4,1,7,2,Linkedin,2,3,Remain Constant,No,Yes,No,,
216,20,3,Good,Laptop  Desktop,4,0,7,4,Whatsapp,0,2,Remain Constant,Yes,Yes,Yes,,
234,17,6,Very Poor,Any Gadget,4,3,8,1,Instagram,0,3,Remain Constant,No,Yes,Yes,,
249,17,5,Average,Smartphone,4,2,7,2,Youtube,2,2,Increased,No,No,Yes,,
255,14,4,Average,Smartphone,4,0,8,2,Instagram,2,3,Increased,No,No,Yes,,
258,13,5,Very Poor,Laptop  Desktop,4,1,8,10,Whatsapp,0,3,Decreased,No,No,No,,
260,19,0,Very Poor,Laptop  Desktop,4,0,8,2,Whatsapp,0,2,Remain Constant,No,No,No,,
283,17,6,Good,Smartphone,4,0,7,1,Whatsapp,2,3,Decreased,No,Yes,No,,
312,24,3,Very Poor,Laptop  Desktop,4,0,6,3,Whatsapp,4,3,Remain Constant,No,No,No,,
321,26,1,Good,Laptop  Desktop,4,0,6,6,Facebook,4,3,Remain Constant,No,No,Yes,,
332,20,6,Average,Laptop  Desktop,4,0,7,1,Linkedin,0,3,Increased,No,Yes,Yes,,
347,16,4,Average,No Equipment,4,1,6,1,Whatsapp,1,3,Increased,No,Yes,Yes,,
348,21,2,Very Poor,No Equipment,4,0,9,2,Whatsapp,0,4,Remain Constant,No,No,Yes,,
382,20,3,Good,Smartphone,4,2,7,4,Whatsapp,1,4,Remain Constant,Yes,No,Yes,,
383,28,0,No Rating,No Equipment,4,2,7,2,Twitter,2,2,Decreased,No,Yes,Yes,,
389,40,4,Average,No Equipment,4,0,8,2,Whatsapp,1,3,Increased,No,No,Yes,,
397,20,1,Average,Laptop  Desktop,4,0,8,3,Instagram,0,3,Remain Constant,No,No,No,,
398,20,3,Very Poor,Laptop  Desktop,4,1,8,2,Whatsapp,1,4,Remain Constant,No,Yes,Yes,,
403,20,0,Good,Laptop  Desktop,4,1,7,4,Youtube,2,3,Remain Constant,Yes,No,Yes,,
410,20,2,Very Poor,Laptop  Desktop,4,1,8,2,Instagram,0,3,Remain Constant,No,Yes,Yes,,
432,28,4,Good,Laptop  Desktop,4,1,12,2,Youtube,0,3,Decreased,No,Yes,Yes,,
445,20,3,Very Poor,Laptop  Desktop,4,1,8,2,Twitter,0,3,Remain Constant,No,Yes,Yes,,
454,45,3,Excellent,Laptop  Desktop,4,1,8,2,Youtube,1,3,Increased,No,Yes,Yes,,
458,23,6,Average,Laptop  Desktop,4,1,9,1,Instagram,0,4,Remain Constant,No,No,No,,
459,21,2,Average,Laptop  Desktop,4,1,8,8,Instagram,1,2,Increased,No,Yes,Yes,,
465,21,2,Average,No Equipment,4,1,10,8,Instagram,1,3,Increased,No,No,Yes,,
480,20,4,Very Poor,Smartphone,4,0,8,4,Instagram,3,3,Remain Constant,No,Yes,Yes,,
492,20,4,Very Poor,Laptop  Desktop,4,0,8,2,Whatsapp,0,1,Remain Constant,No,No,No,,
512,21,0,Average,Smartphone,4,1,7,2,Facebook,4,4,Increased,No,Yes,Yes,,
522,18,3,Good,Laptop  Desktop,4,2,7,2,Youtube,2,3,Increased,No,Yes,Yes,,
529,15,4,Very Poor,Smartphone,4,0,7,1,Youtube,2,3,Increased,No,No,No,,
532,17,6,Average,Smartphone,4,0,7,9,Youtube,1,2,Increased,No,No,Yes,,
541,44,3,Average,Smartphone,4,0,6,1,Facebook,1,2,Remain Constant,No,Yes,Yes,,
544,21,1,Poor,Smartphone,4,1,8,4,Youtube,0,3,Remain Constant,No,Yes,Yes,,
546,18,4,Very Poor,Tablet,4,0,9,2,Instagram,2,3,Remain Constant,No,No,Yes,,
550,16,7,Average,Smartphone,4,1,6,1,Whatsapp,0,4,Remain Constant,No,Yes,Yes,,
558,15,4,Average,Laptop  Desktop,4,1,11,1,Instagram,2,5,Remain Constant,No,Yes,Yes,,
568,21,4,Average,Laptop  Desktop,4,1,8,3,Instagram,1,3,Increased,No,No,No,,
572,19,4,Good,Laptop  Desktop,4,2,8,6,Instagram,6,3,Increased,No,No,Yes,,
579,23,4,Very Poor,Smartphone,4,1,8,2,Youtube,2,2,Increased,No,No,Yes,,
582,12,6,Good,Tablet,4,0,7,1,Youtube,2,4,Increased,No,No,Yes,,
584,17,1,Excellent,Smartphone,4,1,7,1,Whatsapp,0,2,Decreased,No,Yes,Yes,,
611,19,0,Very Poor,Smartphone,4,0,8,4,Instagram,0,1,Increased,No,No,No,,
620,25,1,Average,Laptop  Desktop,4,1,9,2,Whatsapp,5,3,Increased,No,No,Yes,,
629,21,4,Average,Laptop  Desktop,4,1,6,1,Linkedin,1,3,Remain Constant,Yes,Yes,No,,
634,28,3,Good,Laptop  Desktop,4,1,9,2,Youtube,0,3,Remain Constant,No,Yes,Yes,,
649,30,4,Excellent,Laptop  Desktop,4,0,5,6,Whatsapp,1,2,Remain Constant,No,Yes,Yes,,
650,19,4,Average,Laptop  Desktop,4,1,8,0,Youtube,0,2,Increased,No,No,No,,
660,21,6,Very Poor,Smartphone,4,1,7,2,Whatsapp,0,4,Increased,No,No,No,,
662,20,4,Very Poor,Laptop  Desktop,4,1,7,1,Instagram,2,4,Remain Constant,No,No,Yes,,
679,21,0,Very Poor,Laptop  Desktop,4,1,8,1,Linkedin,0,4,Remain Constant,No,Yes,No,,
680,21,5,Good,Laptop  Desktop,4,2,8,1,Instagram,0,4,Decreased,Yes,No,No,,
686,21,3,Average,Laptop  Desktop,4,1,7,1,Youtube,2,4,Decreased,No,No,Yes,,
714,21,4,Average,Laptop  Desktop,4,0,7,2,Whatsapp,1,3,Increased,No,Yes,Yes,,
723,19,2,Average,Laptop  Desktop,4,1,6,3,Instagram,1,4,Increased,No,No,Yes,,
733,22,1,Very Poor,Smartphone,4,0,10,1,Linkedin,0,3,Remain Constant,No,No,Yes,,
735,15,4,Good,Smartphone,4,1,4,3,Youtube,2,3,Remain Constant,No,Yes,Yes,,
738,21,1,Very Poor,Smartphone,4,1,9,1,Whatsapp,1,3,Remain Constant,No,Yes,No,,
749,20,2,Average,Smartphone,4,1,8,2,Youtube,0,3,Increased,No,Yes,Yes,,
751,20,5,Good,Laptop  Desktop,4,1,7,3,Youtube,1,3,Increased,No,Yes,Yes,,
759,21,5,Very Poor,Smartphone,4,1,7,1,Youtube,0,3,Remain Constant,No,Yes,Yes,,
767,19,6,Very Poor,Smartphone,4,2,6,2,Instagram,0,4,Decreased,Yes,Yes,Yes,,
776,40,5,Excellent,Laptop  Desktop,4,1,6,1,Whatsapp,2,2,Remain Constant,No,Yes,Yes,,
778,18,2,Very Poor,Laptop  Desktop,4,0,8,2,Instagram,0,2,Remain Constant,No,No,No,,
797,35,4,Average,Laptop  Desktop,4,2,10,2,Facebook,1,3,Remain Constant,No,Yes,Yes,,
798,16,5,Very Poor,Laptop  Desktop,4,1,8,1,Youtube,0,3,Increased,No,No,No,,
805,20,3,Very Poor,Laptop  Desktop,4,0,9,2,Youtube,1,4,Increased,No,Yes,No,,
809,23,3,Poor,Smartphone,4,0,9,3,Facebook,0,2,Increased,No,No,Yes,,
812,22,0,Very Poor,Smartphone,4,1,8,0,No Social Media,0,4,Remain Constant,Yes,No,No,,
813,14,5,Good,Laptop  Desktop,4,0,8,2,Facebook,2,3,Increased,No,No,Yes,,
831,20,4,Very Poor,Laptop  Desktop,4,0,11,3,Instagram,0,3,Increased,No,No,No,,
835,21,4,Average,Laptop  Desktop,4,0,6,4,Whatsapp,0,3,Remain Constant,No,Yes,Yes,,
843,20,6,Very Poor,Laptop  Desktop,4,1,6,3,Whatsapp,1,3,Remain Constant,No,Yes,Yes,,
848,20,5,Average,Laptop  Desktop,4,1,8,2,Youtube,1,3,Remain Constant,No,No,Yes,,
858,22,5,Average,Smartphone,4,1,6,2,Instagram,2,3,Increased,No,Yes,Yes,,
876,21,3,Very Poor,Smartphone,4,1,5,2,Youtube,0,3,Remain Constant,No,Yes,Yes,,
879,20,7,Very Poor,Laptop  Desktop,4,0,7,2,Instagram,1,3,Remain Constant,No,Yes,Yes,,
883,36,5,Good,Laptop  Desktop,4,1,5,1,Whatsapp,1,2,Remain Constant,No,Yes,Yes,,
884,20,4,Very Poor,Smartphone,4,0,8,1,Instagram,0,3,Remain Constant,No,No,No,,
886,22,6,Very Poor,Laptop  Desktop,4,0,8,2,Whatsapp,1,4,Increased,No,No,No,,
887,22,5,Average,Smartphone,4,1,8,2,Youtube,1,2,Decreased,No,Yes,Yes,,
891,21,2,Very Poor,Smartphone,4,0,8,1,Whatsapp,2,3,Increased,Yes,No,No,,
940,40,5,Excellent,Laptop  Desktop,4,1,7,6,Linkedin,2,3,Remain Constant,No,Yes,Yes,,
964,38,2,Very Poor,Laptop  Desktop,4,0,7,3,Whatsapp,1,3,Increased,No,No,No,,
968,22,0,Good,Laptop  Desktop,4,1,7,3,Instagram,0,3,Increased,No,No,Yes,,
983,18,7,Very Poor,Smartphone,4,0,9,2,Instagram,0,2,Decreased,No,No,Yes,,
985,19,6,Average,Smartphone,4,1,6,5,Whatsapp,2,3,Remain Constant,No,No,No,,
1001,19,8,Average,Smartphone,4,0,6,1,Whatsapp,2,2,Remain Constant,No,No,Yes,,
1004,18,6,Very Poor,Smartphone,4,0,7,3,Instagram,0,4,Decreased,No,Yes,Yes,,
1016,23,3,Average,Smartphone,4,1,8,3,Whatsapp,2,3,Remain Constant,No,Yes,No,,
1019,28,5,Good,Laptop  Desktop,4,1,10,2,Whatsapp,1,3,Remain Constant,No,Yes,Yes,,
1023,25,0,Good,Laptop  Desktop,4,1,8,2,Whatsapp,0,2,Remain Constant,Yes,No,Yes,,
1024,32,4,Average,Laptop  Desktop,4,1,6,0,Whatsapp,0,3,Remain Constant,No,Yes,Yes,,
1029,20,6,Good,Laptop  Desktop,4,1,6,1,Instagram,0,3,Increased,No,Yes,Yes,,
1040,20,5,Average,Laptop  Desktop,4,1,8,2,Instagram,1,3,Increased,No,No,Yes,,
1044,21,6,Good,Laptop  Desktop,4,1,8,2,Whatsapp,1,3,Remain Constant,No,Yes,Yes,,
1061,24,2,Average,Smartphone,4,0,6,3,Instagram,0,4,Increased,No,No,Yes,,
1066,15,8,Average,Tablet,4,0,5,2,Youtube,1,3,Remain Constant,No,Yes,No,,
1071,16,4,Very Poor,Smartphone,4,1,7,2,Instagram,0,3,Remain Constant,No,No,Yes,,
1075,15,5,Average,Laptop  Desktop,4,1,8,2,Whatsapp,1,3,Remain Constant,No,Yes,Yes,,
1077,15,4,Very Poor,Laptop  Desktop,4,0,5,4,Youtube,0,3,Decreased,No,No,No,,
1078,15,4,Good,Smartphone,4,1,7,2,Youtube,1,4,Remain Constant,No,Yes,Yes,,
1081,15,3,Average,Smartphone,4,1,7,1,Instagram,2,4,Increased,No,Yes,Yes,,
1084,15,4,Average,Laptop  Desktop,4,1,7,1,Whatsapp,2,3,Remain Constant,No,Yes,Yes,,
1087,15,5,Excellent,Laptop  Desktop,4,1,8,0,No Social Media,1,3,Remain Constant,No,Yes,Yes,,
1088,16,8,Average,Smartphone,4,0,5,8,Whatsapp,3,3,Remain Constant,No,Yes,Yes,,
1089,16,8,Good,Laptop  Desktop,4,0,7,2,Whatsapp,0,2,Increased,No,No,Yes,,
1090,16,4,Good,Smartphone,4,1,7,2,Whatsapp,1,2,Remain Constant,No,Yes,Yes,,
1112,16,5,Average,Laptop  Desktop,4,0,6,1,Instagram,0,3,Remain Constant,No,Yes,Yes,,
1122,13,5,Excellent,Tablet,4,1,8,0,Youtube,1,4,Remain Constant,No,Yes,No,,
1135,13,5,Good,Tablet,4,1,8,1,Youtube,0,2,Decreased,No,Yes,No,,
1136,18,7,Average,Smartphone,4,0,6,1,Whatsapp,0,2,Remain Constant,No,No,No,,
1137,13,3,Good,Tablet,4,1,7,1,Youtube,3,3,Increased,No,No,Yes,,
1156,22,5,Average,Laptop  Desktop,4,0,8,3,Linkedin,0,2,Increased,No,No,Yes,,
1162,13,4,Excellent,Laptop  Desktop,4,1,8,0,Whatsapp,1,2,Remain Constant,No,Yes,Yes,,
1177,13,5,Excellent,Laptop  Desktop,4,1,8,1,Whatsapp,2,3,Decreased,No,Yes,Yes,,
1185,13,4,Good,Smartphone,4,1,8,1,Whatsapp,2,3,Decreased,No,Yes,Yes,,
1189,15,5,Good,Tablet,4,1,7,2,Whatsapp,0,4,Increased,No,No,Yes,,
1191,12,3,Good,Smartphone,4,1,8,1,Instagram,2,3,Decreased,No,Yes,Yes,,
1192,14,6,Average,Smartphone,4,1,9,1,Whatsapp,1,4,Remain Constant,No,Yes,Yes,,
1183,16,8,Good,Laptop  Desktop,5,0,6,1,Whatsapp,2,4,Remain Constant,No,Yes,Yes,,
21,20,4,Excellent,Laptop  Desktop,5,0,6,2,Linkedin,1,2,Decreased,No,Yes,Yes,,
27,21,4,Very Poor,Laptop  Desktop,5,0,8,3,Instagram,0,2,Increased,Yes,No,Yes,,
31,19,4,Very Poor,Smartphone,5,1,7,2,Whatsapp,1,2,Decreased,Yes,Yes,Yes,,
33,21,0,Very Poor,No Equipment,5,2,4,2,Omegle,0,3,Remain Constant,No,Yes,No,,
60,21,0,Very Poor,Smartphone,5,0,8,1,Instagram,1,3,Remain Constant,No,Yes,No,,
76,19,3,Average,Smartphone,5,0,5,4,Telegram,0,2,Increased,Yes,Yes,No,,
81,21,5,Average,Laptop  Desktop,5,0,8,7,Instagram,1,2,Increased,Yes,No,Yes,,
102,21,3,Average,Laptop  Desktop,5,0,8,7,Linkedin,1,2,Remain Constant,No,No,Yes,,
118,14,3,Good,Smartphone,5,1,12,0,Instagram,1,3,Remain Constant,No,Yes,Yes,,
122,23,6,Average,Laptop  Desktop,5,1,6,1,Linkedin,0,3,Remain Constant,No,Yes,Yes,,
137,18,3,Very Poor,Smartphone,5,1,7,2,Youtube,0,3,Remain Constant,No,No,Yes,,
141,20,3,Very Poor,Smartphone,5,0,7,2,Instagram,1,2,Remain Constant,Yes,Yes,Yes,,
188,22,2,Average,Laptop  Desktop,5,0,8,3,Instagram,1,3,Increased,No,Yes,Yes,,
191,15,5,Average,Smartphone,5,0,7,3,Instagram,2,3,Remain Constant,No,No,Yes,,
199,20,3,Very Poor,Laptop  Desktop,5,0,8,2,Whatsapp,1,4,Increased,No,Yes,No,,
211,16,6,Very Poor,Smartphone,5,0,7,2,Youtube,0,3,Increased,No,No,Yes,,
215,17,6,Average,Laptop  Desktop,5,1,7,1,Whatsapp,1,2,Remain Constant,No,No,No,,
220,19,1,Very Poor,Smartphone,5,1,10,1,Whatsapp,1,2,Remain Constant,Yes,Yes,No,,
228,19,2,Very Poor,Smartphone,5,1,9,2,Twitter,0,4,Remain Constant,No,Yes,No,,
230,32,4,Good,Laptop  Desktop,5,2,5,3,Facebook,0,3,Remain Constant,No,Yes,Yes,,
254,20,4,Good,Laptop  Desktop,5,1,7,0,Whatsapp,0,4,Remain Constant,No,No,No,,
266,20,4,Good,Laptop  Desktop,5,1,6,2,Youtube,1,2,Remain Constant,No,No,Yes,,
269,17,6,Good,Smartphone,5,1,9,1,Youtube,1,3,Remain Constant,No,No,Yes,,
273,20,3,Very Poor,Smartphone,5,1,7,1,Whatsapp,0,3,Increased,No,No,Yes,,
288,17,7,Good,Smartphone,5,1,7,2,Whatsapp,2,3,Increased,No,No,No,,
296,17,9,Average,Laptop  Desktop,5,1,6,1,Youtube,0,3,Decreased,No,Yes,No,,
305,19,5,Excellent,Smartphone,5,1,7,2,Youtube,3,3,Increased,No,No,Yes,,
306,23,5,Average,Smartphone,5,1,8,1,Whatsapp,2,3,Remain Constant,No,Yes,Yes,,
317,17,2,Average,Laptop  Desktop,5,0,8,4,Youtube,0,3,Remain Constant,No,Yes,No,,
346,22,0,No Rating,No Equipment,5,1,7,2,Youtube,1,4,Increased,No,No,Yes,,
357,17,1,Average,Smartphone,5,1,6,2,Youtube,2,1,Increased,Yes,No,Yes,,
362,16,4,Average,Smartphone,5,1,6,2,Whatsapp,2,2,Remain Constant,No,Yes,No,,
368,13,1,Excellent,Smartphone,5,3,6,2,Instagram,2,7,Increased,No,Yes,Yes,,
401,16,2,Excellent,Smartphone,5,1,8,4,Whatsapp,4,3,Increased,No,Yes,Yes,,
447,14,3,Excellent,Laptop  Desktop,5,2,10,3,Facebook,3,3,Decreased,No,Yes,Yes,,
461,19,0,Very Poor,Smartphone,5,1,7,4,Instagram,0,3,Remain Constant,No,Yes,Yes,,
473,20,4,Very Poor,Laptop  Desktop,5,1,9,2,Youtube,0,4,Increased,No,No,Yes,,
516,17,2,Average,Smartphone,5,3,5,1,Whatsapp,1,3,Decreased,No,No,Yes,,
520,19,4,Very Poor,Laptop  Desktop,5,0,8,3,Twitter,2,3,Increased,No,No,Yes,,
521,20,6,Good,Laptop  Desktop,5,2,6,10,Twitter,15,3,Remain Constant,No,Yes,Yes,,
624,21,2,Good,Smartphone,5,0,12,3,Youtube,0,4,Remain Constant,No,No,No,,
631,13,4,Excellent,Smartphone,5,1,13,2,Whatsapp,3,2,Decreased,Yes,Yes,Yes,,
636,15,2,Excellent,Smartphone,5,3,11,1,Whatsapp,1,4,Increased,No,No,Yes,,
642,16,2,Good,No Equipment,5,1,9,1,Instagram,1,1,Decreased,No,Yes,No,,
657,19,4,Very Poor,Smartphone,5,0,6,2,Whatsapp,0,3,Increased,No,Yes,Yes,,
687,19,4,Poor,Laptop  Desktop,5,2,7,1,Whatsapp,0,4,Remain Constant,Yes,Yes,Yes,,
700,20,3,Poor,Laptop  Desktop,5,1,7,1,Whatsapp,0,3,Increased,Yes,No,No,,
707,23,2,Average,Smartphone,5,1,12,1,Linkedin,0,3,Remain Constant,Yes,Yes,No,,
724,38,4,Excellent,Laptop  Desktop,5,1,6,1,Youtube,2,3,Increased,No,Yes,Yes,,
736,19,4,Average,Smartphone,5,1,8,2,Youtube,1,3,Remain Constant,No,Yes,Yes,,
755,23,3,Good,Laptop  Desktop,5,0,6,1,Youtube,0,2,Remain Constant,No,No,Yes,,
760,20,0,Very Poor,Smartphone,5,0,8,1,Youtube,0,3,Decreased,Yes,No,Yes,,
761,21,1,Very Poor,Laptop  Desktop,5,1,11,2,Instagram,0,3,Increased,No,No,Yes,,
765,22,2,Average,Laptop  Desktop,5,0,8,1,Linkedin,1,3,Increased,Yes,No,No,,
787,22,3,Average,Laptop  Desktop,5,0,8,2,Instagram,0,2,Remain Constant,Yes,Yes,Yes,,
801,19,2,Average,Laptop  Desktop,5,0,9,2,Instagram,1,3,Increased,Yes,No,Yes,,
803,37,4,Good,Laptop  Desktop,5,1,7,4,Instagram,0,2,Increased,No,Yes,Yes,,
819,21,5,Average,Smartphone,5,0,5,2,Instagram,1,2,Remain Constant,No,Yes,No,,
827,22,3,Very Poor,Laptop  Desktop,5,1,8,3,Facebook,1,4,Remain Constant,No,Yes,Yes,,
833,21,3,Very Poor,Laptop  Desktop,5,0,7,1,Youtube,0,4,Remain Constant,No,Yes,No,,
834,20,4,Average,Laptop  Desktop,5,1,8,1,Whatsapp,2,3,Increased,No,Yes,Yes,,
864,20,5,Average,Smartphone,5,1,6,2,Instagram,1,3,Increased,No,No,Yes,,
866,20,4,Very Poor,Smartphone,5,1,10,3,Whatsapp,0,2,Remain Constant,No,No,No,,
873,20,4,Average,Smartphone,5,1,7,1,Instagram,0,3,Decreased,No,Yes,Yes,,
882,20,8,Average,Laptop  Desktop,5,1,5,3,Instagram,1,3,Remain Constant,No,No,Yes,,
912,21,1,Good,Smartphone,5,0,7,2,Linkedin,2,2,Remain Constant,No,No,No,,
965,20,5,Good,Laptop  Desktop,5,0,8,3,Youtube,0,2,Remain Constant,No,Yes,No,,
973,19,3,Average,Smartphone,5,1,6,1,Youtube,0,2,Remain Constant,No,Yes,Yes,,
989,19,6,Average,Laptop  Desktop,5,1,7,3,Instagram,0,4,Increased,No,Yes,Yes,,
1064,17,4,Average,Laptop  Desktop,5,2,7,0,Youtube,1,3,Remain Constant,No,No,Yes,,
1067,16,8,Good,Smartphone,5,0,9,1,Youtube,0,2,Increased,No,No,No,,
1094,16,8,Very Poor,Smartphone,5,1,8,1,Facebook,1,3,Remain Constant,No,Yes,Yes,,
1107,16,4,Very Poor,Smartphone,5,1,7,1,Instagram,1,3,Increased,No,Yes,No,,
1120,12,5,Good,Smartphone,5,0,6,1,Youtube,2,2,Remain Constant,No,Yes,Yes,,
1169,12,6,Excellent,Smartphone,5,1,8,2,Youtube,1,2,Remain Constant,No,Yes,Yes,,
1172,14,3,Excellent,Smartphone,5,2,12,0,Whatsapp,0,3,Increased,No,Yes,Yes,,
6,21,0,Very Poor,Smartphone,6,0,5,1,Youtube,0,1,Decreased,Yes,No,Yes,,
28,20,3,Very Poor,Laptop  Desktop,6,0,9,2,Whatsapp,0,2,Remain Constant,No,No,No,,
30,22,4,Very Poor,Smartphone,6,1,5,3,Youtube,0,4,Remain Constant,No,No,No,,
35,20,0,No Rating,No Equipment,6,1,6,5,Instagram,0,4,Increased,No,Yes,No,,
47,20,2,Very Poor,Smartphone,6,2,7,1,Instagram,3,6,Decreased,No,Yes,No,,
52,20,5,Average,Laptop  Desktop,6,1,7,2,Whatsapp,0,3,Remain Constant,No,No,Yes,,
61,22,6,Very Poor,Laptop  Desktop,6,0,6,1,Instagram,0,2,Increased,No,Yes,No,,
62,20,3,Very Poor,Laptop  Desktop,6,1,8,1,Instagram,2,4,Increased,No,Yes,Yes,,
106,23,4,Excellent,Laptop  Desktop,6,1,8,0,Whatsapp,0,3,Increased,No,Yes,No,,
116,18,3,Very Poor,Smartphone,6,0,7,3,Youtube,1,3,Remain Constant,No,Yes,No,,
120,19,2,Average,Smartphone,6,1,6,1,Instagram,0,3,Increased,No,No,Yes,,
144,18,2,Poor,Smartphone,6,1,7,1,Youtube,1,2,Increased,No,Yes,Yes,,
159,21,4,Excellent,Laptop  Desktop,6,2,6,1,Youtube,1,3,Remain Constant,No,Yes,Yes,,
209,59,3,Average,Smartphone,6,1,9,1,Whatsapp,1,2,Increased,No,Yes,Yes,,
285,25,5,Average,Laptop  Desktop,6,0,8,1,Instagram,0,3,Remain Constant,No,Yes,No,,
286,19,3,Average,Laptop  Desktop,6,1,8,1,Linkedin,2,4,Increased,No,Yes,Yes,,
298,21,0,Very Poor,Laptop  Desktop,6,0,6,4,Youtube,2,3,Increased,No,No,Yes,,
313,14,3,Average,Tablet,6,3,7,3,Instagram,1,2,Remain Constant,No,Yes,Yes,,
328,20,6,Very Poor,Laptop  Desktop,6,0,6,3,Whatsapp,0,4,Increased,No,No,Yes,,
341,16,8,Average,Laptop  Desktop,6,0,6,1,Youtube,0,4,Remain Constant,No,Yes,No,,
456,20,4,Very Poor,Laptop  Desktop,6,0,8,0,Youtube,0,2,Remain Constant,No,Yes,Yes,,
469,21,2,Good,No Equipment,6,0,7,1,Whatsapp,0,3,Increased,No,Yes,Yes,,
485,18,6,Very Poor,Laptop  Desktop,6,1,6,1,Instagram,1,5,Remain Constant,Yes,Yes,Yes,,
486,21,6,Excellent,Laptop  Desktop,6,1,6,1,Instagram,0,4,Decreased,No,No,Yes,,
491,24,2,Poor,Smartphone,6,0,6,3,Whatsapp,1,4,Decreased,No,No,No,,
495,21,5,Average,Laptop  Desktop,6,0,7,2,Linkedin,1,3,Increased,No,Yes,Yes,,
496,20,3,Very Poor,Laptop  Desktop,6,2,5,3,Youtube,0,3,Remain Constant,No,Yes,Yes,,
535,22,3,Average,Laptop  Desktop,6,2,8,4,Instagram,1,4,Remain Constant,No,Yes,Yes,,
539,20,5,Very Poor,Laptop  Desktop,6,1,7,2,Youtube,0,3,Remain Constant,No,No,Yes,,
543,22,3,Average,Laptop  Desktop,6,1,6,3,Whatsapp,2,3,Remain Constant,No,No,Yes,,
600,20,3,Very Poor,Laptop  Desktop,6,1,8,3,Instagram,1,4,Increased,No,Yes,Yes,,
652,20,4,Good,Laptop  Desktop,6,0,8,3,Facebook,0,3,Increased,No,Yes,Yes,,
693,23,3,Very Poor,Laptop  Desktop,6,1,7,2,Instagram,1,3,Increased,Yes,Yes,Yes,,
696,20,6,Very Poor,Laptop  Desktop,6,1,8,0,Linkedin,1,3,Decreased,No,No,Yes,,
699,22,0,Average,Laptop  Desktop,6,1,6,1,Youtube,2,3,Remain Constant,No,Yes,Yes,,
729,20,2,Very Poor,Smartphone,6,1,5,4,Youtube,1,1,Increased,Yes,Yes,Yes,,
732,20,0,Very Poor,Laptop  Desktop,6,0,9,1,Whatsapp,1,3,Increased,No,No,No,,
744,19,6,Good,Laptop  Desktop,6,0,8,2,Youtube,1,2,Increased,No,Yes,No,,
837,21,5,Average,Smartphone,6,0,5,2,Youtube,0,3,Increased,Yes,Yes,Yes,,
841,19,5,Average,Smartphone,6,1,6,0,Whatsapp,0,3,Remain Constant,No,Yes,Yes,,
861,21,4,Very Poor,Smartphone,6,0,9,2,Youtube,0,2,Remain Constant,No,No,Yes,,
915,19,5,Average,Smartphone,6,2,5,4,Instagram,0,3,Remain Constant,No,Yes,Yes,,
919,23,2,Average,Laptop  Desktop,6,2,7,4,Facebook,2,4,Remain Constant,No,Yes,Yes,,
929,34,3,Average,Smartphone,6,0,6,1,Whatsapp,1,3,Remain Constant,No,Yes,Yes,,
938,22,1,Very Poor,Laptop  Desktop,6,0,6,2,Whatsapp,0,2,Increased,Yes,Yes,Yes,,
945,22,4,Average,Laptop  Desktop,6,0,8,5,Instagram,1,3,Increased,No,No,Yes,,
955,23,2,Average,Laptop  Desktop,6,1,7,2,Linkedin,1,3,Increased,No,No,Yes,,
966,21,0,No Rating,No Equipment,6,1,9,2,Whatsapp,1,4,Increased,No,Yes,Yes,,
1037,24,2,Very Poor,Smartphone,6,0,12,4,Twitter,0,4,Remain Constant,No,No,Yes,,
1097,17,3,Very Poor,Smartphone,6,0,8,2,Youtube,0,3,Remain Constant,No,Yes,Yes,,
1105,20,0,Very Poor,Smartphone,6,1,9,3,Youtube,0,3,Increased,No,Yes,Yes,,
1184,13,5,Excellent,Laptop  Desktop,6,1,6,0,Youtube,0,4,Remain Constant,No,Yes,Yes,,
676,21,3,Excellent,Laptop  Desktop,7,0,7,1,Whatsapp,0,3,Remain Constant,No,Yes,No,,
105,21,2,Very Poor,Smartphone,7,2,8,1,Instagram,0,5,Increased,No,Yes,Yes,,
153,15,4,Average,Smartphone,7,2,6,1,Instagram,1,4,Remain Constant,No,Yes,Yes,,
156,19,1,Very Poor,Smartphone,7,2,7,0,Instagram,0,4,Remain Constant,Yes,Yes,Yes,,
184,22,1,Very Poor,Smartphone,7,0,7,1,Facebook,0,3,Remain Constant,No,Yes,Yes,,
204,24,7,Very Poor,Laptop  Desktop,7,2,7,2,Youtube,0,3,Remain Constant,No,Yes,Yes,,
219,16,8,Good,Laptop  Desktop,7,0,6,1,Whatsapp,1,3,Remain Constant,No,No,No,,
471,20,5,Good,Laptop  Desktop,7,0,6,1,Linkedin,0,4,Increased,No,Yes,Yes,,
490,21,3,Average,Laptop  Desktop,7,3,6,1,Whatsapp,0,3,Remain Constant,No,Yes,No,,
725,19,3,Average,Smartphone,7,1,6,1,Linkedin,1,4,Increased,No,Yes,Yes,,
825,22,2,Average,Laptop  Desktop,7,1,9,2,Instagram,0,2,Decreased,No,No,No,,
900,21,7,Good,Any Gadget,7,0,10,3,Whatsapp,0,3,Remain Constant,No,Yes,Yes,,
910,29,10,Good,Laptop  Desktop,7,1,6,7,Whatsapp,2,2,Remain Constant,No,Yes,Yes,,
946,23,2,Good,Smartphone,7,0,7,4,Instagram,1,4,Increased,No,No,Yes,,
1166,13,6,Excellent,Smartphone,7,0,5,0,Youtube,0,3,Remain Constant,No,Yes,No,,
40,20,0,No Rating,No Equipment,8,0,8,0,Youtube,0,3,Increased,No,No,Yes,,
58,18,1,Very Poor,Smartphone,8,0,8,5,Youtube,2,3,Increased,No,Yes,Yes,,
85,21,1,Poor,Smartphone,8,0,10,1,Whatsapp,0,3,Decreased,No,Yes,Yes,,
117,24,4,Excellent,Laptop  Desktop,8,1,8,2,Youtube,2,3,Increased,No,Yes,Yes,,
193,21,3,Very Poor,Smartphone,8,3,7,3,Youtube,0,3,Decreased,Yes,No,No,,
224,23,1,Very Poor,Smartphone,8,2,8,2,Instagram,2,3,Decreased,No,Yes,Yes,,
253,18,0,No Rating,No Equipment,8,1,5,3,Linkedin,1,3,Remain Constant,No,Yes,Yes,,
259,20,4,Very Poor,Laptop  Desktop,8,0,6,1,Instagram,0,3,Decreased,No,Yes,Yes,,
275,19,0,Very Poor,Laptop  Desktop,8,1,8,2,Whatsapp,0,2,Increased,Yes,Yes,Yes,,
307,22,2,Average,Laptop  Desktop,8,1,8,2,Linkedin,1,2,Remain Constant,No,Yes,No,,
360,17,7,Average,Laptop  Desktop,8,1,6,1,Whatsapp,1,3,Increased,No,Yes,Yes,,
500,19,0,No Rating,No Equipment,8,1,8,0,No Social Media,0,2,Remain Constant,No,No,No,,
527,21,1,Average,Laptop  Desktop,8,2,8,2,Whatsapp,1,3,Remain Constant,Yes,No,No,,
551,21,0,Poor,Smartphone,8,0,7,2,Whatsapp,1,3,Remain Constant,Yes,Yes,No,,
567,19,2,Very Poor,Laptop  Desktop,8,0,8,1,Youtube,0,4,Decreased,Yes,No,No,,
569,20,8,Excellent,Smartphone,8,1,7,2,Youtube,1,4,Increased,No,Yes,Yes,,
595,16,5,Good,Laptop  Desktop,8,1,6,0,Instagram,0,3,Remain Constant,No,Yes,No,,
597,24,6,Good,Laptop  Desktop,8,0,9,2,Youtube,0,3,Decreased,Yes,Yes,Yes,,
606,21,1,Very Poor,Laptop  Desktop,8,0,8,2,Youtube,2,2,Decreased,Yes,Yes,No,,
780,21,7,Average,Laptop  Desktop,8,0,6,1,Linkedin,1,4,Increased,No,No,Yes,,
836,21,3,Very Poor,Smartphone,8,1,8,1,Whatsapp,0,3,Remain Constant,No,Yes,No,,
963,21,4,Average,Smartphone,8,0,6,1,Youtube,0,2,Decreased,Yes,No,No,,
998,19,0,Very Poor,Laptop  Desktop,8,0,8,10,Instagram,0,3,Remain Constant,Yes,Yes,Yes,,
1034,20,2,Very Poor,Smartphone,8,1,6,1,Youtube,0,3,Remain Constant,No,Yes,Yes,,
1076,16,4,Average,Laptop  Desktop,8,1,8,1,Youtube,1,4,Decreased,No,Yes,Yes,,
1085,16,8,Average,Laptop  Desktop,8,0,7,2,Whatsapp,0,3,Remain Constant,No,No,No,,
1115,17,2,Very Poor,Tablet,8,3,5,0,Youtube,1,4,Increased,No,No,Yes,,
1116,16,5,Average,Laptop  Desktop,8,2,5,2,Youtube,0,4,Remain Constant,No,Yes,Yes,,
1130,14,6,Average,Laptop  Desktop,8,1,8,1,Youtube,1,2,Remain Constant,No,No,No,,
291,20,3,Very Poor,Laptop  Desktop,9,1,6,1,Whatsapp,0,1,Increased,No,No,Yes,,
457,21,0,Poor,Laptop  Desktop,9,0,7,2,Instagram,0,3,Remain Constant,No,Yes,No,,
139,22,1,Very Poor,Laptop  Desktop,10,1,7,1,Whatsapp,0,3,Remain Constant,No,Yes,Yes,,
189,19,2,Poor,Smartphone,10,0,8,2,Instagram,0,3,Increased,No,Yes,Yes,,
202,26,5,Average,Laptop  Desktop,10,1,8,1,Youtube,1,2,Remain Constant,No,Yes,Yes,,
232,21,0,No Rating,No Equipment,10,1,5,1,Linkedin,0,4,Remain Constant,No,No,No,,
236,22,5,Good,Laptop  Desktop,10,1,6,1,Elyment,0,3,Remain Constant,Yes,Yes,Yes,,
343,15,4,Very Poor,Tablet,10,0,8,1,Twitter,1,3,Remain Constant,No,No,Yes,,
344,32,1,Very Poor,Laptop  Desktop,10,1,8,2,Twitter,0,3,Increased,No,Yes,Yes,,
423,19,8,Excellent,Laptop  Desktop,10,1,6,1,Linkedin,0,4,Remain Constant,No,Yes,Yes,,
472,20,0,Very Poor,Laptop  Desktop,10,4,6,2,Whatsapp,0,7,Decreased,No,Yes,Yes,,
478,23,4,Very Poor,Laptop  Desktop,10,1,7,1,Whatsapp,0,2,Decreased,No,Yes,Yes,,
610,22,1,Very Poor,Laptop  Desktop,10,2,7,1,Whatsapp,0,3,Remain Constant,No,Yes,Yes,,
702,22,2,Good,Laptop  Desktop,10,1,6,1,Whatsapp,0,6,Increased,No,Yes,Yes,,
947,21,4,Good,Laptop  Desktop,10,1,7,3,Whatsapp,0,3,Remain Constant,Yes,No,Yes,,
949,24,0,Average,Laptop  Desktop,10,1,8,1,Whatsapp,0,3,Increased,No,Yes,Yes,,
1096,15,9,Excellent,Laptop  Desktop,10,1,6,0,Whatsapp,2,3,Remain Constant,No,No,Yes,,
1121,15,6,Average,Smartphone,11,0,7,5,Youtube,0,4,Increased,No,Yes,Yes,,
231,17,6,Average,Smartphone,12,1,8,2,Whatsapp,3,4,Remain Constant,No,No,No,,
238,20,5,Very Poor,Laptop  Desktop,12,0,7,1,Reddit,0,3,Increased,No,No,Yes,,
270,21,0,Average,Laptop  Desktop,12,0,7,3,Youtube,0,3,Remain Constant,No,Yes,Yes,,
829,21,3,Very Poor,Laptop  Desktop,12,0,6,1,Linkedin,0,2,Decreased,Yes,No,No,,
855,21,2,Very Poor,Laptop  Desktop,12,1,9,5,Youtube,1,3,Increased,No,Yes,Yes,,
53,21,3,Average,Laptop  Desktop,17,0,5,1,Youtube,0,3,Increased,No,No,No,,
32,23,4,Excellent,Laptop  Desktop,18,1,8,2,Snapchat,0,2,Decreased,No,Yes,Yes,,
